[{"model": "admin.logentry", "pk": 1, "fields": {"action_time": "2021-10-22T10:51:05.613Z", "user": 2, "content_type": 4, "object_id": "1", "object_repr": "Jorispaarde", "action_flag": 3, "change_message": ""}}, {"model": "admin.logentry", "pk": 2, "fields": {"action_time": "2021-10-22T10:52:02.314Z", "user": 2, "content_type": 4, "object_id": "2", "object_repr": "Paardekooper", "action_flag": 2, "change_message": "[{\"changed\": {\"fields\": [\"First name\", \"Last name\", \"Email address\"]}}]"}}, {"model": "admin.logentry", "pk": 3, "fields": {"action_time": "2021-10-22T11:00:15.977Z", "user": 2, "content_type": 7, "object_id": "1", "object_repr": "Golden knight", "action_flag": 1, "change_message": "[{\"added\": {}}]"}}, {"model": "admin.logentry", "pk": 4, "fields": {"action_time": "2021-10-22T11:00:47.688Z", "user": 2, "content_type": 7, "object_id": "2", "object_repr": "Ork with sword", "action_flag": 1, "change_message": "[{\"added\": {}}]"}}, {"model": "admin.logentry", "pk": 5, "fields": {"action_time": "2021-10-22T11:01:12.344Z", "user": 2, "content_type": 7, "object_id": "3", "object_repr": "Grey Troll", "action_flag": 1, "change_message": "[{\"added\": {}}]"}}, {"model": "admin.logentry", "pk": 6, "fields": {"action_time": "2021-10-22T11:01:33.258Z", "user": 2, "content_type": 7, "object_id": "4", "object_repr": "Red demon", "action_flag": 1, "change_message": "[{\"added\": {}}]"}}, {"model": "admin.logentry", "pk": 7, "fields": {"action_time": "2021-10-22T11:01:51.540Z", "user": 2, "content_type": 7, "object_id": "5", "object_repr": "Purple demon", "action_flag": 1, "change_message": "[{\"added\": {}}]"}}, {"model": "admin.logentry", "pk": 8, "fields": {"action_time": "2021-10-22T11:02:00.618Z", "user": 2, "content_type": 7, "object_id": "2", "object_repr": "Ork with sword", "action_flag": 2, "change_message": "[{\"changed\": {\"fields\": [\"In freeversion\"]}}]"}}, {"model": "admin.logentry", "pk": 9, "fields": {"action_time": "2021-10-22T11:02:14.424Z", "user": 2, "content_type": 7, "object_id": "5", "object_repr": "Purple demon", "action_flag": 2, "change_message": "[{\"changed\": {\"fields\": [\"In freeversion\"]}}]"}}, {"model": "admin.logentry", "pk": 10, "fields": {"action_time": "2021-10-22T11:02:37.606Z", "user": 2, "content_type": 7, "object_id": "6", "object_repr": "Knight with spear", "action_flag": 1, "change_message": "[{\"added\": {}}]"}}, {"model": "admin.logentry", "pk": 11, "fields": {"action_time": "2021-10-22T11:04:55.740Z", "user": 2, "content_type": 12, "object_id": "1", "object_repr": "Frost Storm", "action_flag": 1, "change_message": "[{\"added\": {}}]"}}, {"model": "admin.logentry", "pk": 12, "fields": {"action_time": "2021-10-22T11:06:35.389Z", "user": 2, "content_type": 12, "object_id": "2", "object_repr": "Dragonsbreath", "action_flag": 1, "change_message": "[{\"added\": {}}]"}}, {"model": "admin.logentry", "pk": 13, "fields": {"action_time": "2021-10-22T11:07:03.830Z", "user": 2, "content_type": 12, "object_id": "2", "object_repr": "Dragonsbreath", "action_flag": 2, "change_message": "[{\"changed\": {\"fields\": [\"Mana cost\"]}}]"}}, {"model": "admin.logentry", "pk": 14, "fields": {"action_time": "2021-10-22T11:32:48.937Z", "user": 2, "content_type": 11, "object_id": "1", "object_repr": "IC", "action_flag": 1, "change_message": "[{\"added\": {}}]"}}, {"model": "admin.logentry", "pk": 15, "fields": {"action_time": "2021-10-22T11:33:01.883Z", "user": 2, "content_type": 11, "object_id": "2", "object_repr": "FR", "action_flag": 1, "change_message": "[{\"added\": {}}]"}}, {"model": "admin.logentry", "pk": 16, "fields": {"action_time": "2021-10-22T11:33:17.176Z", "user": 2, "content_type": 11, "object_id": "3", "object_repr": "LN", "action_flag": 1, "change_message": "[{\"added\": {}}]"}}, {"model": "admin.logentry", "pk": 17, "fields": {"action_time": "2021-10-22T11:34:34.918Z", "user": 2, "content_type": 12, "object_id": "3", "object_repr": "Soul drain", "action_flag": 1, "change_message": "[{\"added\": {}}]"}}, {"model": "admin.logentry", "pk": 18, "fields": {"action_time": "2021-10-22T11:37:05.041Z", "user": 2, "content_type": 12, "object_id": "4", "object_repr": "Thunderstorm", "action_flag": 1, "change_message": "[{\"added\": {}}]"}}, {"model": "admin.logentry", "pk": 19, "fields": {"action_time": "2021-10-22T11:37:51.318Z", "user": 2, "content_type": 12, "object_id": "5", "object_repr": "Healing", "action_flag": 1, "change_message": "[{\"added\": {}}]"}}, {"model": "admin.logentry", "pk": 20, "fields": {"action_time": "2021-10-22T11:39:16.957Z", "user": 2, "content_type": 12, "object_id": "6", "object_repr": "Metal golem", "action_flag": 1, "change_message": "[{\"added\": {}}]"}}, {"model": "admin.logentry", "pk": 21, "fields": {"action_time": "2021-10-22T11:40:58.079Z", "user": 2, "content_type": 12, "object_id": "7", "object_repr": "Fire ring", "action_flag": 1, "change_message": "[{\"added\": {}}]"}}, {"model": "admin.logentry", "pk": 22, "fields": {"action_time": "2021-10-22T11:42:48.939Z", "user": 2, "content_type": 12, "object_id": "8", "object_repr": "Health potion", "action_flag": 1, "change_message": "[{\"added\": {}}]"}}, {"model": "admin.logentry", "pk": 23, "fields": {"action_time": "2021-10-22T11:44:12.706Z", "user": 2, "content_type": 12, "object_id": "8", "object_repr": "Health potion", "action_flag": 2, "change_message": "[]"}}, {"model": "admin.logentry", "pk": 24, "fields": {"action_time": "2021-10-22T11:45:12.737Z", "user": 2, "content_type": 12, "object_id": "9", "object_repr": "Mana potion", "action_flag": 1, "change_message": "[{\"added\": {}}]"}}, {"model": "admin.logentry", "pk": 25, "fields": {"action_time": "2021-10-22T11:47:12.770Z", "user": 2, "content_type": 12, "object_id": "8", "object_repr": "Health potion", "action_flag": 2, "change_message": "[{\"changed\": {\"fields\": [\"Image\"]}}]"}}, {"model": "admin.logentry", "pk": 26, "fields": {"action_time": "2021-10-22T11:47:34.096Z", "user": 2, "content_type": 12, "object_id": "8", "object_repr": "Health potion", "action_flag": 2, "change_message": "[{\"changed\": {\"fields\": [\"Image\"]}}]"}}, {"model": "admin.logentry", "pk": 27, "fields": {"action_time": "2021-10-22T11:48:20.499Z", "user": 2, "content_type": 12, "object_id": "7", "object_repr": "Fire ring", "action_flag": 2, "change_message": "[{\"changed\": {\"fields\": [\"Image\"]}}]"}}, {"model": "admin.logentry", "pk": 28, "fields": {"action_time": "2021-10-22T11:49:18.519Z", "user": 2, "content_type": 12, "object_id": "6", "object_repr": "Metal golem", "action_flag": 2, "change_message": "[{\"changed\": {\"fields\": [\"Image\"]}}]"}}, {"model": "admin.logentry", "pk": 29, "fields": {"action_time": "2021-10-22T11:51:08.634Z", "user": 2, "content_type": 12, "object_id": "4", "object_repr": "Thunderstorm", "action_flag": 2, "change_message": "[{\"changed\": {\"fields\": [\"Image\"]}}]"}}, {"model": "admin.logentry", "pk": 30, "fields": {"action_time": "2021-10-22T11:51:25.581Z", "user": 2, "content_type": 12, "object_id": "5", "object_repr": "Healing", "action_flag": 2, "change_message": "[{\"changed\": {\"fields\": [\"Image\"]}}]"}}, {"model": "admin.logentry", "pk": 31, "fields": {"action_time": "2021-10-22T11:51:45.267Z", "user": 2, "content_type": 12, "object_id": "4", "object_repr": "Thunderstorm", "action_flag": 2, "change_message": "[{\"changed\": {\"fields\": [\"Image\"]}}]"}}, {"model": "admin.logentry", "pk": 32, "fields": {"action_time": "2021-10-22T11:51:56.442Z", "user": 2, "content_type": 12, "object_id": "3", "object_repr": "Soul drain", "action_flag": 2, "change_message": "[{\"changed\": {\"fields\": [\"Image\"]}}]"}}, {"model": "admin.logentry", "pk": 33, "fields": {"action_time": "2021-10-22T11:52:05.126Z", "user": 2, "content_type": 12, "object_id": "2", "object_repr": "Dragonsbreath", "action_flag": 2, "change_message": "[{\"changed\": {\"fields\": [\"Image\"]}}]"}}, {"model": "admin.logentry", "pk": 34, "fields": {"action_time": "2021-10-22T11:52:14.887Z", "user": 2, "content_type": 12, "object_id": "1", "object_repr": "Frost Storm", "action_flag": 2, "change_message": "[{\"changed\": {\"fields\": [\"Image\"]}}]"}}, {"model": "admin.logentry", "pk": 35, "fields": {"action_time": "2021-10-22T11:55:35.761Z", "user": 2, "content_type": 11, "object_id": "3", "object_repr": "LN", "action_flag": 2, "change_message": "[{\"changed\": {\"fields\": [\"Image idle\"]}}]"}}, {"model": "admin.logentry", "pk": 36, "fields": {"action_time": "2021-10-22T11:57:50.858Z", "user": 2, "content_type": 11, "object_id": "2", "object_repr": "FR", "action_flag": 2, "change_message": "[{\"changed\": {\"fields\": [\"Image idle\"]}}]"}}, {"model": "admin.logentry", "pk": 37, "fields": {"action_time": "2021-10-22T11:57:59.884Z", "user": 2, "content_type": 11, "object_id": "1", "object_repr": "IC", "action_flag": 2, "change_message": "[{\"changed\": {\"fields\": [\"Image idle\"]}}]"}}, {"model": "admin.logentry", "pk": 38, "fields": {"action_time": "2021-10-22T11:58:33.876Z", "user": 2, "content_type": 7, "object_id": "6", "object_repr": "Knight with spear", "action_flag": 2, "change_message": "[{\"changed\": {\"fields\": [\"Image idle\", \"Image die\"]}}]"}}, {"model": "admin.logentry", "pk": 39, "fields": {"action_time": "2021-10-22T11:58:47.371Z", "user": 2, "content_type": 7, "object_id": "5", "object_repr": "Purple demon", "action_flag": 2, "change_message": "[{\"changed\": {\"fields\": [\"Image idle\", \"Image die\"]}}]"}}, {"model": "admin.logentry", "pk": 40, "fields": {"action_time": "2021-10-22T11:59:00.541Z", "user": 2, "content_type": 7, "object_id": "4", "object_repr": "Red demon", "action_flag": 2, "change_message": "[{\"changed\": {\"fields\": [\"Image idle\", \"Image die\"]}}]"}}, {"model": "admin.logentry", "pk": 41, "fields": {"action_time": "2021-10-22T11:59:12.820Z", "user": 2, "content_type": 7, "object_id": "3", "object_repr": "Grey Troll", "action_flag": 2, "change_message": "[{\"changed\": {\"fields\": [\"Image idle\", \"Image die\"]}}]"}}, {"model": "admin.logentry", "pk": 42, "fields": {"action_time": "2021-10-22T11:59:27.484Z", "user": 2, "content_type": 7, "object_id": "1", "object_repr": "Golden knight", "action_flag": 2, "change_message": "[{\"changed\": {\"fields\": [\"Image idle\", \"Image die\"]}}]"}}, {"model": "admin.logentry", "pk": 43, "fields": {"action_time": "2021-10-22T12:00:03.369Z", "user": 2, "content_type": 7, "object_id": "7", "object_repr": "Orc with Axe", "action_flag": 1, "change_message": "[{\"added\": {}}]"}}, {"model": "admin.logentry", "pk": 44, "fields": {"action_time": "2021-10-22T12:00:39.394Z", "user": 2, "content_type": 7, "object_id": "8", "object_repr": "Zombie giant", "action_flag": 1, "change_message": "[{\"added\": {}}]"}}, {"model": "admin.logentry", "pk": 45, "fields": {"action_time": "2021-10-22T12:00:50.323Z", "user": 2, "content_type": 7, "object_id": "8", "object_repr": "Zombie giant", "action_flag": 2, "change_message": "[{\"changed\": {\"fields\": [\"In freeversion\"]}}]"}}, {"model": "admin.logentry", "pk": 46, "fields": {"action_time": "2021-10-22T12:01:23.243Z", "user": 2, "content_type": 12, "object_id": "9", "object_repr": "Mana potion", "action_flag": 2, "change_message": "[{\"changed\": {\"fields\": [\"Effect text\"]}}]"}}, {"model": "admin.logentry", "pk": 47, "fields": {"action_time": "2021-10-22T12:01:38.035Z", "user": 2, "content_type": 12, "object_id": "9", "object_repr": "Mana potion", "action_flag": 2, "change_message": "[{\"changed\": {\"fields\": [\"Effect text\"]}}]"}}, {"model": "admin.logentry", "pk": 48, "fields": {"action_time": "2021-10-22T12:02:05.053Z", "user": 2, "content_type": 12, "object_id": "5", "object_repr": "Healing", "action_flag": 2, "change_message": "[{\"changed\": {\"fields\": [\"Effect text\"]}}]"}}, {"model": "admin.logentry", "pk": 49, "fields": {"action_time": "2021-10-22T12:02:24.887Z", "user": 2, "content_type": 12, "object_id": "9", "object_repr": "Mana potion", "action_flag": 2, "change_message": "[{\"changed\": {\"fields\": [\"Mana cost\"]}}]"}}, {"model": "admin.logentry", "pk": 50, "fields": {"action_time": "2021-10-22T12:02:31.300Z", "user": 2, "content_type": 12, "object_id": "8", "object_repr": "Health potion", "action_flag": 2, "change_message": "[{\"changed\": {\"fields\": [\"Mana cost\"]}}]"}}, {"model": "admin.logentry", "pk": 51, "fields": {"action_time": "2021-10-22T12:03:07.488Z", "user": 2, "content_type": 13, "object_id": "16", "object_repr": "Fire ring", "action_flag": 2, "change_message": "[{\"changed\": {\"fields\": [\"Card\"]}}]"}}, {"model": "admin.logentry", "pk": 52, "fields": {"action_time": "2021-10-22T12:09:20.424Z", "user": 2, "content_type": 13, "object_id": "32", "object_repr": "Mana potion", "action_flag": 2, "change_message": "[{\"changed\": {\"fields\": [\"Card\"]}}]"}}, {"model": "admin.logentry", "pk": 53, "fields": {"action_time": "2021-10-22T12:12:00.404Z", "user": 2, "content_type": 13, "object_id": "48", "object_repr": "Mana potion", "action_flag": 2, "change_message": "[{\"changed\": {\"fields\": [\"Card\"]}}]"}}, {"model": "admin.logentry", "pk": 54, "fields": {"action_time": "2021-10-22T12:16:17.636Z", "user": 2, "content_type": 13, "object_id": "55", "object_repr": "Mana potion", "action_flag": 2, "change_message": "[{\"changed\": {\"fields\": [\"Card\"]}}]"}}, {"model": "admin.logentry", "pk": 55, "fields": {"action_time": "2021-10-22T12:25:44.566Z", "user": 2, "content_type": 13, "object_id": "56", "object_repr": "Soul drain", "action_flag": 2, "change_message": "[{\"changed\": {\"fields\": [\"Card\"]}}]"}}, {"model": "admin.logentry", "pk": 56, "fields": {"action_time": "2021-10-22T12:25:55.697Z", "user": 2, "content_type": 13, "object_id": "52", "object_repr": "Soul drain", "action_flag": 2, "change_message": "[{\"changed\": {\"fields\": [\"Card\"]}}]"}}, {"model": "admin.logentry", "pk": 57, "fields": {"action_time": "2021-10-22T12:26:03.324Z", "user": 2, "content_type": 13, "object_id": "52", "object_repr": "Metal golem", "action_flag": 2, "change_message": "[{\"changed\": {\"fields\": [\"Card\"]}}]"}}, {"model": "admin.logentry", "pk": 58, "fields": {"action_time": "2021-10-22T12:26:19.309Z", "user": 2, "content_type": 13, "object_id": "50", "object_repr": "Frost Storm", "action_flag": 2, "change_message": "[{\"changed\": {\"fields\": [\"Card\"]}}]"}}, {"model": "admin.logentry", "pk": 59, "fields": {"action_time": "2021-10-22T12:26:53.194Z", "user": 2, "content_type": 12, "object_id": "7", "object_repr": "Fire ring", "action_flag": 2, "change_message": "[{\"changed\": {\"fields\": [\"Mana cost\"]}}]"}}, {"model": "admin.logentry", "pk": 60, "fields": {"action_time": "2021-10-22T12:27:28.417Z", "user": 2, "content_type": 12, "object_id": "9", "object_repr": "Mana potion", "action_flag": 2, "change_message": "[{\"changed\": {\"fields\": [\"Description\"]}}]"}}, {"model": "admin.logentry", "pk": 61, "fields": {"action_time": "2021-10-22T12:43:29.775Z", "user": 2, "content_type": 12, "object_id": "7", "object_repr": "Fire ring", "action_flag": 2, "change_message": "[{\"changed\": {\"fields\": [\"In freeversion\"]}}]"}}, {"model": "admin.logentry", "pk": 62, "fields": {"action_time": "2021-10-22T12:43:39.269Z", "user": 2, "content_type": 12, "object_id": "3", "object_repr": "Soul drain", "action_flag": 2, "change_message": "[{\"changed\": {\"fields\": [\"In freeversion\"]}}]"}}, {"model": "admin.logentry", "pk": 63, "fields": {"action_time": "2021-10-22T12:56:16.734Z", "user": 2, "content_type": 10, "object_id": "17", "object_repr": "17", "action_flag": 2, "change_message": "[{\"changed\": {\"fields\": [\"Completed\"]}}]"}}, {"model": "admin.logentry", "pk": 64, "fields": {"action_time": "2021-10-22T13:09:50.784Z", "user": 2, "content_type": 12, "object_id": "9", "object_repr": "Mana potion", "action_flag": 2, "change_message": "[{\"changed\": {\"fields\": [\"In freeversion\"]}}]"}}, {"model": "admin.logentry", "pk": 65, "fields": {"action_time": "2021-10-22T13:09:57.715Z", "user": 2, "content_type": 12, "object_id": "8", "object_repr": "Health potion", "action_flag": 2, "change_message": "[{\"changed\": {\"fields\": [\"In freeversion\"]}}]"}}, {"model": "admin.logentry", "pk": 66, "fields": {"action_time": "2021-10-22T13:10:14.487Z", "user": 2, "content_type": 15, "object_id": "1", "object_repr": "Paardekooper", "action_flag": 2, "change_message": "[{\"changed\": {\"fields\": [\"Payed full version\"]}}]"}}, {"model": "admin.logentry", "pk": 67, "fields": {"action_time": "2021-10-22T13:33:32.741Z", "user": 2, "content_type": 7, "object_id": "2", "object_repr": "Ork with sword", "action_flag": 2, "change_message": "[{\"changed\": {\"fields\": [\"Image idle\", \"Image die\"]}}]"}}, {"model": "admin.logentry", "pk": 68, "fields": {"action_time": "2021-10-22T13:37:54.896Z", "user": 2, "content_type": 13, "object_id": "254", "object_repr": "Metal golem", "action_flag": 2, "change_message": "[{\"changed\": {\"fields\": [\"Card\"]}}]"}}, {"model": "admin.logentry", "pk": 69, "fields": {"action_time": "2021-10-22T13:43:25.596Z", "user": 2, "content_type": 13, "object_id": "278", "object_repr": "Metal golem", "action_flag": 2, "change_message": "[{\"changed\": {\"fields\": [\"Card\"]}}]"}}, {"model": "admin.logentry", "pk": 70, "fields": {"action_time": "2021-10-22T13:55:24.049Z", "user": 2, "content_type": 13, "object_id": "302", "object_repr": "Metal golem", "action_flag": 2, "change_message": "[{\"changed\": {\"fields\": [\"Card\"]}}]"}}, {"model": "admin.logentry", "pk": 71, "fields": {"action_time": "2021-10-22T14:10:06.917Z", "user": 2, "content_type": 13, "object_id": "318", "object_repr": "Metal golem", "action_flag": 2, "change_message": "[{\"changed\": {\"fields\": [\"Card\"]}}]"}}, {"model": "admin.logentry", "pk": 72, "fields": {"action_time": "2021-10-22T14:26:51.351Z", "user": 2, "content_type": 13, "object_id": "382", "object_repr": "Metal golem", "action_flag": 2, "change_message": "[{\"changed\": {\"fields\": [\"Card\"]}}]"}}, {"model": "admin.logentry", "pk": 73, "fields": {"action_time": "2021-10-22T14:29:35.989Z", "user": 2, "content_type": 13, "object_id": "390", "object_repr": "Metal golem", "action_flag": 2, "change_message": "[{\"changed\": {\"fields\": [\"Card\"]}}]"}}, {"model": "admin.logentry", "pk": 74, "fields": {"action_time": "2021-10-22T14:37:49.556Z", "user": 2, "content_type": 14, "object_id": "41", "object_repr": "Paardekooper", "action_flag": 2, "change_message": "[{\"changed\": {\"fields\": [\"Drain attack power\"]}}]"}}, {"model": "admin.logentry", "pk": 75, "fields": {"action_time": "2021-10-22T14:40:16.756Z", "user": 2, "content_type": 14, "object_id": "42", "object_repr": "Paardekooper", "action_flag": 2, "change_message": "[{\"changed\": {\"fields\": [\"Drain attack power\"]}}]"}}, {"model": "admin.logentry", "pk": 76, "fields": {"action_time": "2021-10-22T14:46:46.609Z", "user": 2, "content_type": 9, "object_id": "59", "object_repr": "59", "action_flag": 3, "change_message": ""}}, {"model": "admin.logentry", "pk": 77, "fields": {"action_time": "2021-10-22T14:46:46.632Z", "user": 2, "content_type": 9, "object_id": "52", "object_repr": "52", "action_flag": 3, "change_message": ""}}, {"model": "admin.logentry", "pk": 78, "fields": {"action_time": "2021-10-22T14:46:46.654Z", "user": 2, "content_type": 9, "object_id": "43", "object_repr": "43", "action_flag": 3, "change_message": ""}}, {"model": "admin.logentry", "pk": 79, "fields": {"action_time": "2021-10-22T14:46:46.675Z", "user": 2, "content_type": 9, "object_id": "17", "object_repr": "17", "action_flag": 3, "change_message": ""}}, {"model": "admin.logentry", "pk": 80, "fields": {"action_time": "2021-10-22T14:46:46.697Z", "user": 2, "content_type": 9, "object_id": "16", "object_repr": "16", "action_flag": 3, "change_message": ""}}, {"model": "admin.logentry", "pk": 81, "fields": {"action_time": "2021-10-22T14:47:00.773Z", "user": 2, "content_type": 13, "object_id": "417", "object_repr": "Soul drain", "action_flag": 3, "change_message": ""}}, {"model": "admin.logentry", "pk": 82, "fields": {"action_time": "2021-10-22T14:47:00.795Z", "user": 2, "content_type": 13, "object_id": "416", "object_repr": "Thunderstorm", "action_flag": 3, "change_message": ""}}, {"model": "admin.logentry", "pk": 83, "fields": {"action_time": "2021-10-22T14:47:00.816Z", "user": 2, "content_type": 13, "object_id": "414", "object_repr": "Frost Storm", "action_flag": 3, "change_message": ""}}, {"model": "admin.logentry", "pk": 84, "fields": {"action_time": "2021-10-22T14:47:00.837Z", "user": 2, "content_type": 13, "object_id": "413", "object_repr": "Dragonsbreath", "action_flag": 3, "change_message": ""}}, {"model": "admin.logentry", "pk": 85, "fields": {"action_time": "2021-10-22T14:47:00.858Z", "user": 2, "content_type": 13, "object_id": "412", "object_repr": "Soul drain", "action_flag": 3, "change_message": ""}}, {"model": "admin.logentry", "pk": 86, "fields": {"action_time": "2021-10-22T14:47:00.880Z", "user": 2, "content_type": 13, "object_id": "411", "object_repr": "Thunderstorm", "action_flag": 3, "change_message": ""}}, {"model": "admin.logentry", "pk": 87, "fields": {"action_time": "2021-10-22T14:47:00.901Z", "user": 2, "content_type": 13, "object_id": "410", "object_repr": "Fire ring", "action_flag": 3, "change_message": ""}}, {"model": "admin.logentry", "pk": 88, "fields": {"action_time": "2021-10-22T14:47:00.923Z", "user": 2, "content_type": 13, "object_id": "350", "object_repr": "Frost Storm", "action_flag": 3, "change_message": ""}}, {"model": "admin.logentry", "pk": 89, "fields": {"action_time": "2021-10-22T14:47:00.944Z", "user": 2, "content_type": 13, "object_id": "349", "object_repr": "Dragonsbreath", "action_flag": 3, "change_message": ""}}, {"model": "admin.logentry", "pk": 90, "fields": {"action_time": "2021-10-22T14:47:00.965Z", "user": 2, "content_type": 13, "object_id": "348", "object_repr": "Healing", "action_flag": 3, "change_message": ""}}, {"model": "admin.logentry", "pk": 91, "fields": {"action_time": "2021-10-22T14:47:00.986Z", "user": 2, "content_type": 13, "object_id": "347", "object_repr": "Dragonsbreath", "action_flag": 3, "change_message": ""}}, {"model": "admin.logentry", "pk": 92, "fields": {"action_time": "2021-10-22T14:47:01.007Z", "user": 2, "content_type": 13, "object_id": "345", "object_repr": "Dragonsbreath", "action_flag": 3, "change_message": ""}}, {"model": "admin.logentry", "pk": 93, "fields": {"action_time": "2021-10-22T14:47:01.029Z", "user": 2, "content_type": 13, "object_id": "344", "object_repr": "Soul drain", "action_flag": 3, "change_message": ""}}, {"model": "admin.logentry", "pk": 94, "fields": {"action_time": "2021-10-22T14:47:01.050Z", "user": 2, "content_type": 13, "object_id": "343", "object_repr": "Thunderstorm", "action_flag": 3, "change_message": ""}}, {"model": "admin.logentry", "pk": 95, "fields": {"action_time": "2021-10-22T14:47:01.071Z", "user": 2, "content_type": 13, "object_id": "293", "object_repr": "Health potion", "action_flag": 3, "change_message": ""}}, {"model": "admin.logentry", "pk": 96, "fields": {"action_time": "2021-10-22T14:47:01.091Z", "user": 2, "content_type": 13, "object_id": "292", "object_repr": "Fire ring", "action_flag": 3, "change_message": ""}}, {"model": "admin.logentry", "pk": 97, "fields": {"action_time": "2021-10-22T14:47:01.112Z", "user": 2, "content_type": 13, "object_id": "291", "object_repr": "Fire ring", "action_flag": 3, "change_message": ""}}, {"model": "admin.logentry", "pk": 98, "fields": {"action_time": "2021-10-22T14:47:01.132Z", "user": 2, "content_type": 13, "object_id": "290", "object_repr": "Health potion", "action_flag": 3, "change_message": ""}}, {"model": "admin.logentry", "pk": 99, "fields": {"action_time": "2021-10-22T14:47:01.153Z", "user": 2, "content_type": 13, "object_id": "289", "object_repr": "Frost Storm", "action_flag": 3, "change_message": ""}}, {"model": "admin.logentry", "pk": 100, "fields": {"action_time": "2021-10-22T14:47:01.173Z", "user": 2, "content_type": 13, "object_id": "288", "object_repr": "Health potion", "action_flag": 3, "change_message": ""}}, {"model": "admin.logentry", "pk": 101, "fields": {"action_time": "2021-10-22T14:47:01.194Z", "user": 2, "content_type": 13, "object_id": "287", "object_repr": "Frost Storm", "action_flag": 3, "change_message": ""}}, {"model": "admin.logentry", "pk": 102, "fields": {"action_time": "2021-10-22T14:47:01.215Z", "user": 2, "content_type": 13, "object_id": "222", "object_repr": "Soul drain", "action_flag": 3, "change_message": ""}}, {"model": "admin.logentry", "pk": 103, "fields": {"action_time": "2021-10-22T14:47:01.236Z", "user": 2, "content_type": 13, "object_id": "221", "object_repr": "Health potion", "action_flag": 3, "change_message": ""}}, {"model": "admin.logentry", "pk": 104, "fields": {"action_time": "2021-10-22T14:47:01.257Z", "user": 2, "content_type": 13, "object_id": "220", "object_repr": "Thunderstorm", "action_flag": 3, "change_message": ""}}, {"model": "admin.logentry", "pk": 105, "fields": {"action_time": "2021-10-22T14:47:01.278Z", "user": 2, "content_type": 13, "object_id": "219", "object_repr": "Thunderstorm", "action_flag": 3, "change_message": ""}}, {"model": "admin.logentry", "pk": 106, "fields": {"action_time": "2021-10-22T14:47:01.298Z", "user": 2, "content_type": 13, "object_id": "217", "object_repr": "Thunderstorm", "action_flag": 3, "change_message": ""}}, {"model": "admin.logentry", "pk": 107, "fields": {"action_time": "2021-10-22T14:47:01.319Z", "user": 2, "content_type": 13, "object_id": "216", "object_repr": "Soul drain", "action_flag": 3, "change_message": ""}}, {"model": "admin.logentry", "pk": 108, "fields": {"action_time": "2021-10-22T14:47:01.341Z", "user": 2, "content_type": 13, "object_id": "215", "object_repr": "Dragonsbreath", "action_flag": 3, "change_message": ""}}, {"model": "admin.logentry", "pk": 109, "fields": {"action_time": "2021-10-22T14:47:01.362Z", "user": 2, "content_type": 13, "object_id": "132", "object_repr": "Metal golem", "action_flag": 3, "change_message": ""}}, {"model": "admin.logentry", "pk": 110, "fields": {"action_time": "2021-10-22T14:47:01.384Z", "user": 2, "content_type": 13, "object_id": "131", "object_repr": "Health potion", "action_flag": 3, "change_message": ""}}, {"model": "admin.logentry", "pk": 111, "fields": {"action_time": "2021-10-22T14:47:01.405Z", "user": 2, "content_type": 13, "object_id": "130", "object_repr": "Thunderstorm", "action_flag": 3, "change_message": ""}}, {"model": "admin.logentry", "pk": 112, "fields": {"action_time": "2021-10-22T14:47:01.426Z", "user": 2, "content_type": 13, "object_id": "129", "object_repr": "Metal golem", "action_flag": 3, "change_message": ""}}, {"model": "admin.logentry", "pk": 113, "fields": {"action_time": "2021-10-22T14:47:01.447Z", "user": 2, "content_type": 13, "object_id": "128", "object_repr": "Thunderstorm", "action_flag": 3, "change_message": ""}}, {"model": "admin.logentry", "pk": 114, "fields": {"action_time": "2021-10-22T14:47:01.467Z", "user": 2, "content_type": 13, "object_id": "127", "object_repr": "Thunderstorm", "action_flag": 3, "change_message": ""}}, {"model": "admin.logentry", "pk": 115, "fields": {"action_time": "2021-10-22T14:47:01.489Z", "user": 2, "content_type": 13, "object_id": "126", "object_repr": "Frost Storm", "action_flag": 3, "change_message": ""}}, {"model": "admin.logentry", "pk": 116, "fields": {"action_time": "2021-10-22T14:47:01.510Z", "user": 2, "content_type": 13, "object_id": "125", "object_repr": "Mana potion", "action_flag": 3, "change_message": ""}}, {"model": "admin.logentry", "pk": 117, "fields": {"action_time": "2021-10-22T14:47:01.532Z", "user": 2, "content_type": 13, "object_id": "124", "object_repr": "Healing", "action_flag": 3, "change_message": ""}}, {"model": "admin.logentry", "pk": 118, "fields": {"action_time": "2021-10-22T14:47:01.553Z", "user": 2, "content_type": 13, "object_id": "123", "object_repr": "Health potion", "action_flag": 3, "change_message": ""}}, {"model": "admin.logentry", "pk": 119, "fields": {"action_time": "2021-10-22T14:47:01.574Z", "user": 2, "content_type": 13, "object_id": "122", "object_repr": "Frost Storm", "action_flag": 3, "change_message": ""}}, {"model": "admin.logentry", "pk": 120, "fields": {"action_time": "2021-10-22T14:47:01.608Z", "user": 2, "content_type": 13, "object_id": "121", "object_repr": "Mana potion", "action_flag": 3, "change_message": ""}}, {"model": "admin.logentry", "pk": 121, "fields": {"action_time": "2021-10-22T14:47:08.422Z", "user": 2, "content_type": 14, "object_id": "43", "object_repr": "Paardekooper", "action_flag": 3, "change_message": ""}}, {"model": "admin.logentry", "pk": 122, "fields": {"action_time": "2021-10-22T14:47:24.411Z", "user": 2, "content_type": 9, "object_id": "69", "object_repr": "69", "action_flag": 3, "change_message": ""}}, {"model": "admin.logentry", "pk": 123, "fields": {"action_time": "2021-10-22T14:47:30.836Z", "user": 2, "content_type": 8, "object_id": "77", "object_repr": "77", "action_flag": 3, "change_message": ""}}, {"model": "admin.logentry", "pk": 124, "fields": {"action_time": "2021-10-22T19:27:11.555Z", "user": 2, "content_type": 16, "object_id": "3", "object_repr": "https://hubris-the-game.herokuapp.com/", "action_flag": 2, "change_message": "[{\"changed\": {\"fields\": [\"Domain name\", \"Display name\"]}}]"}}, {"model": "admin.logentry", "pk": 125, "fields": {"action_time": "2021-10-22T19:56:05.802Z", "user": 2, "content_type": 16, "object_id": "4", "object_repr": "https://8000-black-flea-91abj8my.ws-eu17.gitpod.io/", "action_flag": 1, "change_message": "[{\"added\": {}}]"}}, {"model": "admin.logentry", "pk": 126, "fields": {"action_time": "2021-10-22T20:57:58.291Z", "user": 2, "content_type": 15, "object_id": "1", "object_repr": "Paardekooper", "action_flag": 2, "change_message": "[{\"changed\": {\"fields\": [\"Payed full version\"]}}]"}}, {"model": "admin.logentry", "pk": 127, "fields": {"action_time": "2021-10-22T22:38:28.003Z", "user": 2, "content_type": 15, "object_id": "1", "object_repr": "Paardekooper", "action_flag": 2, "change_message": "[{\"changed\": {\"fields\": [\"Bio\", \"Location\", \"Birth date\", \"Payed full version\"]}}]"}}, {"model": "admin.logentry", "pk": 128, "fields": {"action_time": "2021-10-22T22:50:59.673Z", "user": 2, "content_type": 15, "object_id": "1", "object_repr": "Paardekooper", "action_flag": 2, "change_message": "[{\"changed\": {\"fields\": [\"Payed full version\"]}}]"}}, {"model": "admin.logentry", "pk": 129, "fields": {"action_time": "2021-10-23T19:41:27.607Z", "user": 2, "content_type": 15, "object_id": "1", "object_repr": "Paardekooper", "action_flag": 2, "change_message": "[{\"changed\": {\"fields\": [\"Payed full version\"]}}]"}}, {"model": "admin.logentry", "pk": 130, "fields": {"action_time": "2021-10-23T19:49:17.207Z", "user": 2, "content_type": 15, "object_id": "1", "object_repr": "Paardekooper", "action_flag": 2, "change_message": "[{\"changed\": {\"fields\": [\"Payed full version\"]}}]"}}, {"model": "admin.logentry", "pk": 131, "fields": {"action_time": "2021-10-23T19:50:14.873Z", "user": 2, "content_type": 15, "object_id": "1", "object_repr": "Paardekooper", "action_flag": 2, "change_message": "[{\"changed\": {\"fields\": [\"Payed full version\"]}}]"}}, {"model": "admin.logentry", "pk": 132, "fields": {"action_time": "2021-10-23T19:57:05.484Z", "user": 2, "content_type": 15, "object_id": "1", "object_repr": "Paardekooper", "action_flag": 2, "change_message": "[{\"changed\": {\"fields\": [\"Payed full version\"]}}]"}}, {"model": "admin.logentry", "pk": 133, "fields": {"action_time": "2021-10-23T20:15:08.252Z", "user": 2, "content_type": 15, "object_id": "1", "object_repr": "Paardekooper", "action_flag": 2, "change_message": "[{\"changed\": {\"fields\": [\"Payed full version\"]}}]"}}, {"model": "admin.logentry", "pk": 134, "fields": {"action_time": "2021-10-23T20:35:35.679Z", "user": 2, "content_type": 10, "object_id": "54", "object_repr": "54", "action_flag": 1, "change_message": "[{\"added\": {}}]"}}, {"model": "admin.logentry", "pk": 135, "fields": {"action_time": "2021-10-23T20:35:49.895Z", "user": 2, "content_type": 10, "object_id": "55", "object_repr": "55", "action_flag": 1, "change_message": "[{\"added\": {}}]"}}, {"model": "admin.logentry", "pk": 136, "fields": {"action_time": "2021-10-23T20:36:04.555Z", "user": 2, "content_type": 10, "object_id": "56", "object_repr": "56", "action_flag": 1, "change_message": "[{\"added\": {}}]"}}, {"model": "admin.logentry", "pk": 137, "fields": {"action_time": "2021-10-23T21:10:49.035Z", "user": 2, "content_type": 10, "object_id": "57", "object_repr": "57", "action_flag": 1, "change_message": "[{\"added\": {}}]"}}, {"model": "admin.logentry", "pk": 138, "fields": {"action_time": "2021-10-23T21:16:11.741Z", "user": 2, "content_type": 10, "object_id": "58", "object_repr": "58", "action_flag": 1, "change_message": "[{\"added\": {}}]"}}, {"model": "admin.logentry", "pk": 139, "fields": {"action_time": "2021-10-23T21:17:54.512Z", "user": 2, "content_type": 10, "object_id": "59", "object_repr": "59", "action_flag": 1, "change_message": "[{\"added\": {}}]"}}, {"model": "admin.logentry", "pk": 140, "fields": {"action_time": "2021-10-23T21:18:13.883Z", "user": 2, "content_type": 10, "object_id": "60", "object_repr": "60", "action_flag": 1, "change_message": "[{\"added\": {}}]"}}, {"model": "admin.logentry", "pk": 141, "fields": {"action_time": "2021-10-23T21:18:27.681Z", "user": 2, "content_type": 10, "object_id": "61", "object_repr": "61", "action_flag": 1, "change_message": "[{\"added\": {}}]"}}, {"model": "admin.logentry", "pk": 142, "fields": {"action_time": "2021-10-23T21:19:44.361Z", "user": 2, "content_type": 10, "object_id": "62", "object_repr": "62", "action_flag": 1, "change_message": "[{\"added\": {}}]"}}, {"model": "admin.logentry", "pk": 143, "fields": {"action_time": "2021-10-23T21:19:58.294Z", "user": 2, "content_type": 10, "object_id": "63", "object_repr": "63", "action_flag": 1, "change_message": "[{\"added\": {}}]"}}, {"model": "admin.logentry", "pk": 144, "fields": {"action_time": "2021-10-23T21:20:07.871Z", "user": 2, "content_type": 10, "object_id": "64", "object_repr": "64", "action_flag": 1, "change_message": "[{\"added\": {}}]"}}, {"model": "admin.logentry", "pk": 145, "fields": {"action_time": "2021-10-23T21:20:23.095Z", "user": 2, "content_type": 10, "object_id": "65", "object_repr": "65", "action_flag": 1, "change_message": "[{\"added\": {}}]"}}, {"model": "admin.logentry", "pk": 146, "fields": {"action_time": "2021-10-23T21:58:29.374Z", "user": 2, "content_type": 10, "object_id": "66", "object_repr": "66", "action_flag": 2, "change_message": "[{\"changed\": {\"fields\": [\"Completed\", \"Score\", \"Current game floor\", \"Total gamefloors played\"]}}]"}}, {"model": "admin.logentry", "pk": 147, "fields": {"action_time": "2021-10-23T22:10:45.441Z", "user": 2, "content_type": 14, "object_id": "49", "object_repr": "Paardekooper", "action_flag": 2, "change_message": "[{\"changed\": {\"fields\": [\"Fire defense\"]}}]"}}, {"model": "admin.logentry", "pk": 148, "fields": {"action_time": "2021-10-23T22:11:03.786Z", "user": 2, "content_type": 10, "object_id": "67", "object_repr": "67", "action_flag": 1, "change_message": "[{\"added\": {}}]"}}, {"model": "admin.logentry", "pk": 149, "fields": {"action_time": "2021-10-23T22:11:57.757Z", "user": 2, "content_type": 10, "object_id": "68", "object_repr": "68", "action_flag": 2, "change_message": "[{\"changed\": {\"fields\": [\"Score\", \"Total gamefloors played\"]}}]"}}, {"model": "admin.logentry", "pk": 150, "fields": {"action_time": "2021-10-23T22:14:09.470Z", "user": 2, "content_type": 10, "object_id": "69", "object_repr": "69", "action_flag": 2, "change_message": "[{\"changed\": {\"fields\": [\"Score\", \"Total gamefloors played\"]}}]"}}, {"model": "admin.logentry", "pk": 151, "fields": {"action_time": "2021-10-23T22:15:31.708Z", "user": 2, "content_type": 10, "object_id": "69", "object_repr": "69", "action_flag": 2, "change_message": "[{\"changed\": {\"fields\": [\"Completed\"]}}]"}}, {"model": "admin.logentry", "pk": 152, "fields": {"action_time": "2021-10-23T22:16:05.588Z", "user": 2, "content_type": 10, "object_id": "69", "object_repr": "69", "action_flag": 2, "change_message": "[{\"changed\": {\"fields\": [\"Current game floor\"]}}]"}}, {"model": "admin.logentry", "pk": 153, "fields": {"action_time": "2021-10-23T22:25:48.605Z", "user": 2, "content_type": 13, "object_id": "465", "object_repr": "Healing", "action_flag": 3, "change_message": ""}}, {"model": "admin.logentry", "pk": 154, "fields": {"action_time": "2021-10-23T22:25:48.626Z", "user": 2, "content_type": 13, "object_id": "464", "object_repr": "Metal golem", "action_flag": 3, "change_message": ""}}, {"model": "admin.logentry", "pk": 155, "fields": {"action_time": "2021-10-23T22:25:48.645Z", "user": 2, "content_type": 13, "object_id": "463", "object_repr": "Metal golem", "action_flag": 3, "change_message": ""}}, {"model": "admin.logentry", "pk": 156, "fields": {"action_time": "2021-10-23T22:25:48.664Z", "user": 2, "content_type": 13, "object_id": "462", "object_repr": "Thunderstorm", "action_flag": 3, "change_message": ""}}, {"model": "admin.logentry", "pk": 157, "fields": {"action_time": "2021-10-23T22:25:48.682Z", "user": 2, "content_type": 13, "object_id": "461", "object_repr": "Dragonsbreath", "action_flag": 3, "change_message": ""}}, {"model": "admin.logentry", "pk": 158, "fields": {"action_time": "2021-10-23T22:25:48.701Z", "user": 2, "content_type": 13, "object_id": "460", "object_repr": "Metal golem", "action_flag": 3, "change_message": ""}}, {"model": "admin.logentry", "pk": 159, "fields": {"action_time": "2021-10-23T22:25:48.720Z", "user": 2, "content_type": 13, "object_id": "458", "object_repr": "Dragonsbreath", "action_flag": 3, "change_message": ""}}, {"model": "admin.logentry", "pk": 160, "fields": {"action_time": "2021-10-23T22:26:35.776Z", "user": 2, "content_type": 15, "object_id": "1", "object_repr": "Paardekooper", "action_flag": 2, "change_message": "[{\"changed\": {\"fields\": [\"Payed full version\"]}}]"}}, {"model": "admin.logentry", "pk": 161, "fields": {"action_time": "2021-10-23T22:59:20.410Z", "user": 2, "content_type": 14, "object_id": "49", "object_repr": "Paardekooper", "action_flag": 2, "change_message": "[{\"changed\": {\"fields\": [\"Fire attack power\", \"Fire defense\", \"Ice attack power\", \"Ice defense\", \"Drain attack power\", \"Drain defense\", \"Lightning attack power\", \"Lightning defense\", \"Golem attack power\", \"Physical defense\", \"Healing power\", \"Mana current\", \"Mana max\", \"Health current\", \"Health max\"]}}]"}}, {"model": "admin.logentry", "pk": 162, "fields": {"action_time": "2021-10-23T23:00:00.460Z", "user": 2, "content_type": 10, "object_id": "75", "object_repr": "75", "action_flag": 2, "change_message": "[{\"changed\": {\"fields\": [\"Current game floor number\"]}}]"}}, {"model": "admin.logentry", "pk": 163, "fields": {"action_time": "2021-10-23T23:03:18.857Z", "user": 2, "content_type": 15, "object_id": "1", "object_repr": "Paardekooper", "action_flag": 2, "change_message": "[{\"changed\": {\"fields\": [\"Payed full version\"]}}]"}}, {"model": "admin.logentry", "pk": 164, "fields": {"action_time": "2021-10-23T23:06:52.824Z", "user": 2, "content_type": 14, "object_id": "49", "object_repr": "Paardekooper", "action_flag": 2, "change_message": "[{\"changed\": {\"fields\": [\"Ice attack power\", \"Lightning attack power\", \"Golem attack power\", \"Mana current\", \"Mana max\", \"Health current\", \"Health max\"]}}]"}}, {"model": "admin.logentry", "pk": 165, "fields": {"action_time": "2021-10-23T23:25:38.351Z", "user": 2, "content_type": 14, "object_id": "49", "object_repr": "Paardekooper", "action_flag": 2, "change_message": "[{\"changed\": {\"fields\": [\"Fire attack power\", \"Ice attack power\", \"Mana current\", \"Mana max\", \"Health current\", \"Health max\"]}}]"}}, {"model": "admin.logentry", "pk": 166, "fields": {"action_time": "2021-10-23T23:25:53.421Z", "user": 2, "content_type": 14, "object_id": "49", "object_repr": "Paardekooper", "action_flag": 2, "change_message": "[{\"changed\": {\"fields\": [\"Lightning attack power\"]}}]"}}, {"model": "admin.logentry", "pk": 167, "fields": {"action_time": "2021-10-23T23:44:56.529Z", "user": 2, "content_type": 8, "object_id": "137", "object_repr": "137", "action_flag": 1, "change_message": "[{\"added\": {}}]"}}, {"model": "admin.logentry", "pk": 168, "fields": {"action_time": "2021-10-23T23:45:03.912Z", "user": 2, "content_type": 9, "object_id": "108", "object_repr": "108", "action_flag": 1, "change_message": "[{\"added\": {}}]"}}, {"model": "admin.logentry", "pk": 169, "fields": {"action_time": "2021-10-23T23:45:21.570Z", "user": 2, "content_type": 10, "object_id": "77", "object_repr": "77", "action_flag": 2, "change_message": "[{\"changed\": {\"fields\": [\"Completed\", \"Current game floor\", \"Current game floor number\"]}}]"}}, {"model": "admin.logentry", "pk": 170, "fields": {"action_time": "2021-10-23T23:45:51.431Z", "user": 2, "content_type": 10, "object_id": "77", "object_repr": "77", "action_flag": 2, "change_message": "[{\"changed\": {\"fields\": [\"Game step\"]}}]"}}, {"model": "admin.logentry", "pk": 171, "fields": {"action_time": "2021-10-23T23:52:27.014Z", "user": 2, "content_type": 14, "object_id": "49", "object_repr": "Paardekooper", "action_flag": 2, "change_message": "[{\"changed\": {\"fields\": [\"Ice attack power\", \"Lightning attack power\", \"Health current\", \"Health max\"]}}]"}}, {"model": "admin.logentry", "pk": 172, "fields": {"action_time": "2021-10-24T00:00:29.134Z", "user": 2, "content_type": 8, "object_id": "142", "object_repr": "142", "action_flag": 2, "change_message": "[{\"changed\": {\"fields\": [\"Health current\"]}}]"}}, {"model": "admin.logentry", "pk": 173, "fields": {"action_time": "2021-10-24T00:04:05.305Z", "user": 2, "content_type": 14, "object_id": "49", "object_repr": "Paardekooper", "action_flag": 2, "change_message": "[{\"changed\": {\"fields\": [\"Lightning attack power\", \"Health current\", \"Health max\"]}}]"}}, {"model": "admin.logentry", "pk": 174, "fields": {"action_time": "2021-10-24T00:09:10.308Z", "user": 2, "content_type": 14, "object_id": "49", "object_repr": "Paardekooper", "action_flag": 2, "change_message": "[{\"changed\": {\"fields\": [\"Lightning attack power\"]}}]"}}, {"model": "admin.logentry", "pk": 175, "fields": {"action_time": "2021-10-25T09:41:53.735Z", "user": 2, "content_type": 8, "object_id": "156", "object_repr": "156", "action_flag": 2, "change_message": "[{\"changed\": {\"fields\": [\"Health current\"]}}]"}}, {"model": "admin.logentry", "pk": 176, "fields": {"action_time": "2021-10-25T09:43:15.109Z", "user": 2, "content_type": 9, "object_id": "121", "object_repr": "121", "action_flag": 2, "change_message": "[{\"changed\": {\"fields\": [\"Current phase\"]}}]"}}, {"model": "admin.logentry", "pk": 177, "fields": {"action_time": "2021-10-25T09:43:25.894Z", "user": 2, "content_type": 8, "object_id": "157", "object_repr": "157", "action_flag": 2, "change_message": "[{\"changed\": {\"fields\": [\"Health current\"]}}]"}}, {"model": "admin.logentry", "pk": 178, "fields": {"action_time": "2021-10-25T09:43:53.364Z", "user": 2, "content_type": 14, "object_id": "49", "object_repr": "Paardekooper", "action_flag": 2, "change_message": "[{\"changed\": {\"fields\": [\"Mana current\"]}}]"}}, {"model": "admin.logentry", "pk": 179, "fields": {"action_time": "2021-10-25T09:46:28.865Z", "user": 2, "content_type": 8, "object_id": "156", "object_repr": "156", "action_flag": 2, "change_message": "[{\"changed\": {\"fields\": [\"Health current\"]}}]"}}, {"model": "admin.logentry", "pk": 180, "fields": {"action_time": "2021-10-25T09:46:46.308Z", "user": 2, "content_type": 9, "object_id": "121", "object_repr": "121", "action_flag": 2, "change_message": "[{\"changed\": {\"fields\": [\"Current phase\"]}}]"}}, {"model": "admin.logentry", "pk": 181, "fields": {"action_time": "2021-10-25T09:47:02.559Z", "user": 2, "content_type": 14, "object_id": "49", "object_repr": "Paardekooper", "action_flag": 2, "change_message": "[{\"changed\": {\"fields\": [\"Mana current\"]}}]"}}, {"model": "admin.logentry", "pk": 182, "fields": {"action_time": "2021-10-25T09:47:31.988Z", "user": 2, "content_type": 8, "object_id": "157", "object_repr": "157", "action_flag": 2, "change_message": "[{\"changed\": {\"fields\": [\"Health current\"]}}]"}}, {"model": "admin.logentry", "pk": 183, "fields": {"action_time": "2021-10-25T09:47:43.959Z", "user": 2, "content_type": 14, "object_id": "49", "object_repr": "Paardekooper", "action_flag": 2, "change_message": "[{\"changed\": {\"fields\": [\"Mana current\"]}}]"}}, {"model": "admin.logentry", "pk": 184, "fields": {"action_time": "2021-10-25T09:48:11.828Z", "user": 2, "content_type": 14, "object_id": "49", "object_repr": "Paardekooper", "action_flag": 2, "change_message": "[{\"changed\": {\"fields\": [\"Fire attack power\"]}}]"}}, {"model": "admin.logentry", "pk": 185, "fields": {"action_time": "2021-10-25T09:51:28.532Z", "user": 2, "content_type": 14, "object_id": "49", "object_repr": "Paardekooper", "action_flag": 2, "change_message": "[{\"changed\": {\"fields\": [\"Fire attack power\", \"Lightning attack power\", \"Mana current\", \"Mana max\", \"Health current\", \"Health max\"]}}]"}}, {"model": "admin.logentry", "pk": 186, "fields": {"action_time": "2021-10-25T09:53:36.264Z", "user": 2, "content_type": 14, "object_id": "49", "object_repr": "Paardekooper", "action_flag": 2, "change_message": "[{\"changed\": {\"fields\": [\"Golem attack power\"]}}]"}}, {"model": "admin.logentry", "pk": 187, "fields": {"action_time": "2021-10-25T09:56:39.986Z", "user": 2, "content_type": 10, "object_id": "84", "object_repr": "84", "action_flag": 3, "change_message": ""}}, {"model": "admin.logentry", "pk": 188, "fields": {"action_time": "2021-10-25T09:56:40.013Z", "user": 2, "content_type": 10, "object_id": "83", "object_repr": "83", "action_flag": 3, "change_message": ""}}, {"model": "admin.logentry", "pk": 189, "fields": {"action_time": "2021-10-25T09:56:40.040Z", "user": 2, "content_type": 10, "object_id": "82", "object_repr": "82", "action_flag": 3, "change_message": ""}}, {"model": "admin.logentry", "pk": 190, "fields": {"action_time": "2021-10-25T09:56:40.063Z", "user": 2, "content_type": 10, "object_id": "81", "object_repr": "81", "action_flag": 3, "change_message": ""}}, {"model": "admin.logentry", "pk": 191, "fields": {"action_time": "2021-10-25T09:56:40.087Z", "user": 2, "content_type": 10, "object_id": "80", "object_repr": "80", "action_flag": 3, "change_message": ""}}, {"model": "admin.logentry", "pk": 192, "fields": {"action_time": "2021-10-25T09:56:40.113Z", "user": 2, "content_type": 10, "object_id": "79", "object_repr": "79", "action_flag": 3, "change_message": ""}}, {"model": "admin.logentry", "pk": 193, "fields": {"action_time": "2021-10-25T09:56:40.133Z", "user": 2, "content_type": 10, "object_id": "78", "object_repr": "78", "action_flag": 3, "change_message": ""}}, {"model": "admin.logentry", "pk": 194, "fields": {"action_time": "2021-10-25T09:56:40.154Z", "user": 2, "content_type": 10, "object_id": "77", "object_repr": "77", "action_flag": 3, "change_message": ""}}, {"model": "admin.logentry", "pk": 195, "fields": {"action_time": "2021-10-25T09:56:40.175Z", "user": 2, "content_type": 10, "object_id": "76", "object_repr": "76", "action_flag": 3, "change_message": ""}}, {"model": "admin.logentry", "pk": 196, "fields": {"action_time": "2021-10-25T09:56:40.200Z", "user": 2, "content_type": 10, "object_id": "75", "object_repr": "75", "action_flag": 3, "change_message": ""}}, {"model": "admin.logentry", "pk": 197, "fields": {"action_time": "2021-10-25T09:56:40.223Z", "user": 2, "content_type": 10, "object_id": "74", "object_repr": "74", "action_flag": 3, "change_message": ""}}, {"model": "admin.logentry", "pk": 198, "fields": {"action_time": "2021-10-25T09:56:40.246Z", "user": 2, "content_type": 10, "object_id": "73", "object_repr": "73", "action_flag": 3, "change_message": ""}}, {"model": "admin.logentry", "pk": 199, "fields": {"action_time": "2021-10-25T09:56:40.270Z", "user": 2, "content_type": 10, "object_id": "72", "object_repr": "72", "action_flag": 3, "change_message": ""}}, {"model": "admin.logentry", "pk": 200, "fields": {"action_time": "2021-10-25T09:56:40.294Z", "user": 2, "content_type": 10, "object_id": "71", "object_repr": "71", "action_flag": 3, "change_message": ""}}, {"model": "admin.logentry", "pk": 201, "fields": {"action_time": "2021-10-25T09:56:40.317Z", "user": 2, "content_type": 10, "object_id": "70", "object_repr": "70", "action_flag": 3, "change_message": ""}}, {"model": "admin.logentry", "pk": 202, "fields": {"action_time": "2021-10-25T09:56:40.341Z", "user": 2, "content_type": 10, "object_id": "69", "object_repr": "69", "action_flag": 3, "change_message": ""}}, {"model": "admin.logentry", "pk": 203, "fields": {"action_time": "2021-10-25T09:56:40.365Z", "user": 2, "content_type": 10, "object_id": "68", "object_repr": "68", "action_flag": 3, "change_message": ""}}, {"model": "admin.logentry", "pk": 204, "fields": {"action_time": "2021-10-25T09:56:40.388Z", "user": 2, "content_type": 10, "object_id": "67", "object_repr": "67", "action_flag": 3, "change_message": ""}}, {"model": "admin.logentry", "pk": 205, "fields": {"action_time": "2021-10-25T09:56:40.411Z", "user": 2, "content_type": 10, "object_id": "66", "object_repr": "66", "action_flag": 3, "change_message": ""}}, {"model": "admin.logentry", "pk": 206, "fields": {"action_time": "2021-10-25T09:56:46.845Z", "user": 2, "content_type": 9, "object_id": "126", "object_repr": "126", "action_flag": 3, "change_message": ""}}, {"model": "admin.logentry", "pk": 207, "fields": {"action_time": "2021-10-25T09:56:55.630Z", "user": 2, "content_type": 8, "object_id": "166", "object_repr": "166", "action_flag": 3, "change_message": ""}}, {"model": "admin.logentry", "pk": 208, "fields": {"action_time": "2021-10-25T09:56:55.663Z", "user": 2, "content_type": 8, "object_id": "165", "object_repr": "165", "action_flag": 3, "change_message": ""}}, {"model": "admin.logentry", "pk": 209, "fields": {"action_time": "2021-10-25T09:57:02.078Z", "user": 2, "content_type": 14, "object_id": "49", "object_repr": "Paardekooper", "action_flag": 3, "change_message": ""}}, {"model": "admin.logentry", "pk": 210, "fields": {"action_time": "2021-10-25T09:57:43.404Z", "user": 2, "content_type": 14, "object_id": "50", "object_repr": "Paardekooper", "action_flag": 2, "change_message": "[{\"changed\": {\"fields\": [\"Lightning attack power\"]}}]"}}, {"model": "admin.logentry", "pk": 211, "fields": {"action_time": "2021-10-25T10:00:23.098Z", "user": 2, "content_type": 14, "object_id": "50", "object_repr": "Paardekooper", "action_flag": 2, "change_message": "[{\"changed\": {\"fields\": [\"Fire attack power\", \"Ice attack power\", \"Mana max\", \"Health max\"]}}]"}}, {"model": "admin.logentry", "pk": 212, "fields": {"action_time": "2021-10-25T10:00:39.273Z", "user": 2, "content_type": 14, "object_id": "50", "object_repr": "Paardekooper", "action_flag": 2, "change_message": "[{\"changed\": {\"fields\": [\"Drain attack power\"]}}]"}}, {"model": "admin.logentry", "pk": 213, "fields": {"action_time": "2021-10-25T10:50:43.715Z", "user": 2, "content_type": 14, "object_id": "50", "object_repr": "Paardekooper", "action_flag": 2, "change_message": "[{\"changed\": {\"fields\": [\"Drain attack power\", \"Mana current\", \"Mana max\", \"Health current\", \"Health max\"]}}]"}}, {"model": "admin.logentry", "pk": 214, "fields": {"action_time": "2021-10-25T10:57:10.510Z", "user": 2, "content_type": 10, "object_id": "86", "object_repr": "86", "action_flag": 3, "change_message": ""}}, {"model": "admin.logentry", "pk": 215, "fields": {"action_time": "2021-10-25T10:57:10.533Z", "user": 2, "content_type": 10, "object_id": "85", "object_repr": "85", "action_flag": 3, "change_message": ""}}, {"model": "admin.logentry", "pk": 216, "fields": {"action_time": "2021-10-25T10:57:35.950Z", "user": 2, "content_type": 10, "object_id": "87", "object_repr": "87", "action_flag": 3, "change_message": ""}}, {"model": "admin.logentry", "pk": 217, "fields": {"action_time": "2021-10-25T11:17:53.510Z", "user": 2, "content_type": 14, "object_id": "50", "object_repr": "Paardekooper", "action_flag": 2, "change_message": "[{\"changed\": {\"fields\": [\"Golem attack power\", \"Health current\", \"Health max\"]}}]"}}, {"model": "admin.logentry", "pk": 218, "fields": {"action_time": "2021-10-25T11:18:22.283Z", "user": 2, "content_type": 14, "object_id": "50", "object_repr": "Paardekooper", "action_flag": 2, "change_message": "[{\"changed\": {\"fields\": [\"Drain attack power\"]}}]"}}, {"model": "admin.logentry", "pk": 219, "fields": {"action_time": "2021-10-25T11:40:37.521Z", "user": 2, "content_type": 14, "object_id": "50", "object_repr": "Paardekooper", "action_flag": 2, "change_message": "[{\"changed\": {\"fields\": [\"Drain attack power\", \"Mana max\", \"Health current\", \"Health max\"]}}]"}}, {"model": "admin.logentry", "pk": 220, "fields": {"action_time": "2021-10-25T11:42:08.331Z", "user": 2, "content_type": 14, "object_id": "50", "object_repr": "Paardekooper", "action_flag": 2, "change_message": "[{\"changed\": {\"fields\": [\"Lightning attack power\"]}}]"}}, {"model": "admin.logentry", "pk": 221, "fields": {"action_time": "2021-10-25T11:48:10.358Z", "user": 2, "content_type": 14, "object_id": "50", "object_repr": "Paardekooper", "action_flag": 2, "change_message": "[{\"changed\": {\"fields\": [\"Lightning attack power\", \"Mana current\", \"Mana max\", \"Health current\", \"Health max\"]}}]"}}, {"model": "admin.logentry", "pk": 222, "fields": {"action_time": "2021-10-25T11:49:55.589Z", "user": 2, "content_type": 14, "object_id": "50", "object_repr": "Paardekooper", "action_flag": 2, "change_message": "[{\"changed\": {\"fields\": [\"Drain attack power\"]}}]"}}, {"model": "admin.logentry", "pk": 223, "fields": {"action_time": "2021-10-25T11:53:38.766Z", "user": 2, "content_type": 10, "object_id": "88", "object_repr": "88", "action_flag": 2, "change_message": "[{\"changed\": {\"fields\": [\"Score\", \"Current game floor number\", \"Total gamefloors played\"]}}]"}}, {"model": "admin.logentry", "pk": 224, "fields": {"action_time": "2021-10-25T11:57:02.537Z", "user": 2, "content_type": 14, "object_id": "50", "object_repr": "Paardekooper", "action_flag": 2, "change_message": "[{\"changed\": {\"fields\": [\"Drain attack power\", \"Health current\", \"Health max\"]}}]"}}, {"model": "admin.logentry", "pk": 225, "fields": {"action_time": "2021-10-25T15:16:40.863Z", "user": 2, "content_type": 15, "object_id": "1", "object_repr": "Paardekooper", "action_flag": 2, "change_message": "[{\"changed\": {\"fields\": [\"Payed full version\"]}}]"}}, {"model": "admin.logentry", "pk": 226, "fields": {"action_time": "2021-10-25T15:33:43.163Z", "user": 2, "content_type": 10, "object_id": "96", "object_repr": "96", "action_flag": 2, "change_message": "[{\"changed\": {\"fields\": [\"Game step\"]}}]"}}, {"model": "admin.logentry", "pk": 227, "fields": {"action_time": "2021-10-26T09:16:14.630Z", "user": 2, "content_type": 14, "object_id": "50", "object_repr": "Paardekooper", "action_flag": 2, "change_message": "[{\"changed\": {\"fields\": [\"Drain attack power\", \"Mana current\", \"Mana max\", \"Health current\", \"Health max\"]}}]"}}, {"model": "admin.logentry", "pk": 228, "fields": {"action_time": "2021-10-26T19:49:09.985Z", "user": 2, "content_type": 14, "object_id": "50", "object_repr": "Paardekooper", "action_flag": 2, "change_message": "[{\"changed\": {\"fields\": [\"Drain attack power\", \"Mana current\", \"Mana max\", \"Health current\", \"Health max\"]}}]"}}, {"model": "admin.logentry", "pk": 229, "fields": {"action_time": "2021-10-26T20:23:36.199Z", "user": 2, "content_type": 13, "object_id": "561", "object_repr": "Thunderstorm", "action_flag": 3, "change_message": ""}}, {"model": "admin.logentry", "pk": 230, "fields": {"action_time": "2021-10-26T20:23:36.222Z", "user": 2, "content_type": 13, "object_id": "568", "object_repr": "Mana potion", "action_flag": 3, "change_message": ""}}, {"model": "admin.logentry", "pk": 231, "fields": {"action_time": "2021-10-26T20:23:36.244Z", "user": 2, "content_type": 13, "object_id": "575", "object_repr": "Dragonsbreath", "action_flag": 3, "change_message": ""}}, {"model": "admin.logentry", "pk": 232, "fields": {"action_time": "2021-10-26T20:23:36.268Z", "user": 2, "content_type": 13, "object_id": "578", "object_repr": "Frost Storm", "action_flag": 3, "change_message": ""}}, {"model": "admin.logentry", "pk": 233, "fields": {"action_time": "2021-10-26T20:23:36.289Z", "user": 2, "content_type": 13, "object_id": "579", "object_repr": "Thunderstorm", "action_flag": 3, "change_message": ""}}, {"model": "admin.logentry", "pk": 234, "fields": {"action_time": "2021-10-26T20:23:36.310Z", "user": 2, "content_type": 13, "object_id": "587", "object_repr": "Health potion", "action_flag": 3, "change_message": ""}}, {"model": "admin.logentry", "pk": 235, "fields": {"action_time": "2021-10-26T20:23:36.332Z", "user": 2, "content_type": 13, "object_id": "588", "object_repr": "Dragonsbreath", "action_flag": 3, "change_message": ""}}, {"model": "admin.logentry", "pk": 236, "fields": {"action_time": "2021-10-26T20:23:36.353Z", "user": 2, "content_type": 13, "object_id": "656", "object_repr": "Mana potion", "action_flag": 3, "change_message": ""}}, {"model": "admin.logentry", "pk": 237, "fields": {"action_time": "2021-10-26T20:23:36.375Z", "user": 2, "content_type": 13, "object_id": "658", "object_repr": "Metal golem", "action_flag": 3, "change_message": ""}}, {"model": "admin.logentry", "pk": 238, "fields": {"action_time": "2021-10-26T20:23:36.396Z", "user": 2, "content_type": 13, "object_id": "660", "object_repr": "Soul drain", "action_flag": 3, "change_message": ""}}, {"model": "admin.logentry", "pk": 239, "fields": {"action_time": "2021-10-26T20:23:36.417Z", "user": 2, "content_type": 13, "object_id": "661", "object_repr": "Healing", "action_flag": 3, "change_message": ""}}, {"model": "admin.logentry", "pk": 240, "fields": {"action_time": "2021-10-26T20:23:36.439Z", "user": 2, "content_type": 13, "object_id": "662", "object_repr": "Metal golem", "action_flag": 3, "change_message": ""}}, {"model": "admin.logentry", "pk": 241, "fields": {"action_time": "2021-10-26T20:23:36.460Z", "user": 2, "content_type": 13, "object_id": "664", "object_repr": "Frost Storm", "action_flag": 3, "change_message": ""}}, {"model": "admin.logentry", "pk": 242, "fields": {"action_time": "2021-10-26T20:23:36.481Z", "user": 2, "content_type": 13, "object_id": "665", "object_repr": "Fire ring", "action_flag": 3, "change_message": ""}}, {"model": "admin.logentry", "pk": 243, "fields": {"action_time": "2021-10-26T20:23:36.503Z", "user": 2, "content_type": 13, "object_id": "873", "object_repr": "Healing", "action_flag": 3, "change_message": ""}}, {"model": "admin.logentry", "pk": 244, "fields": {"action_time": "2021-10-26T20:23:36.524Z", "user": 2, "content_type": 13, "object_id": "875", "object_repr": "Dragonsbreath", "action_flag": 3, "change_message": ""}}, {"model": "admin.logentry", "pk": 245, "fields": {"action_time": "2021-10-26T20:23:36.545Z", "user": 2, "content_type": 13, "object_id": "878", "object_repr": "Health potion", "action_flag": 3, "change_message": ""}}, {"model": "admin.logentry", "pk": 246, "fields": {"action_time": "2021-10-26T20:23:36.566Z", "user": 2, "content_type": 13, "object_id": "879", "object_repr": "Metal golem", "action_flag": 3, "change_message": ""}}, {"model": "admin.logentry", "pk": 247, "fields": {"action_time": "2021-10-26T20:23:36.587Z", "user": 2, "content_type": 13, "object_id": "880", "object_repr": "Health potion", "action_flag": 3, "change_message": ""}}, {"model": "admin.logentry", "pk": 248, "fields": {"action_time": "2021-10-26T20:23:36.610Z", "user": 2, "content_type": 13, "object_id": "881", "object_repr": "Frost Storm", "action_flag": 3, "change_message": ""}}, {"model": "admin.logentry", "pk": 249, "fields": {"action_time": "2021-10-26T20:23:36.633Z", "user": 2, "content_type": 13, "object_id": "882", "object_repr": "Mana potion", "action_flag": 3, "change_message": ""}}, {"model": "admin.logentry", "pk": 250, "fields": {"action_time": "2021-10-26T20:23:44.430Z", "user": 2, "content_type": 10, "object_id": "88", "object_repr": "88", "action_flag": 3, "change_message": ""}}, {"model": "admin.logentry", "pk": 251, "fields": {"action_time": "2021-10-26T20:23:54.721Z", "user": 2, "content_type": 8, "object_id": "287", "object_repr": "287", "action_flag": 3, "change_message": ""}}, {"model": "admin.logentry", "pk": 252, "fields": {"action_time": "2021-10-26T20:24:00.463Z", "user": 2, "content_type": 9, "object_id": "192", "object_repr": "192", "action_flag": 3, "change_message": ""}}, {"model": "admin.logentry", "pk": 253, "fields": {"action_time": "2021-10-26T20:29:24.179Z", "user": 2, "content_type": 7, "object_id": "9", "object_repr": "Knight with axe", "action_flag": 1, "change_message": "[{\"added\": {}}]"}}, {"model": "admin.logentry", "pk": 254, "fields": {"action_time": "2021-10-26T20:29:48.353Z", "user": 2, "content_type": 8, "object_id": "291", "object_repr": "291", "action_flag": 2, "change_message": "[{\"changed\": {\"fields\": [\"Enemy\"]}}]"}}, {"model": "admin.logentry", "pk": 255, "fields": {"action_time": "2021-10-26T20:31:55.541Z", "user": 2, "content_type": 12, "object_id": "10", "object_repr": "Lightning ring", "action_flag": 1, "change_message": "[{\"added\": {}}]"}}, {"model": "admin.logentry", "pk": 256, "fields": {"action_time": "2021-10-26T20:32:06.856Z", "user": 2, "content_type": 12, "object_id": "10", "object_repr": "Lightning ring", "action_flag": 2, "change_message": "[{\"changed\": {\"fields\": [\"In freeversion\"]}}]"}}, {"model": "admin.logentry", "pk": 257, "fields": {"action_time": "2021-10-26T20:32:37.814Z", "user": 2, "content_type": 12, "object_id": "4", "object_repr": "Thunderstorm", "action_flag": 2, "change_message": "[{\"changed\": {\"fields\": [\"In freeversion\"]}}]"}}, {"model": "admin.logentry", "pk": 258, "fields": {"action_time": "2021-10-26T20:32:46.036Z", "user": 2, "content_type": 12, "object_id": "8", "object_repr": "Health potion", "action_flag": 2, "change_message": "[{\"changed\": {\"fields\": [\"In freeversion\"]}}]"}}, {"model": "admin.logentry", "pk": 259, "fields": {"action_time": "2021-10-26T20:32:51.553Z", "user": 2, "content_type": 12, "object_id": "9", "object_repr": "Mana potion", "action_flag": 2, "change_message": "[{\"changed\": {\"fields\": [\"In freeversion\"]}}]"}}, {"model": "admin.logentry", "pk": 260, "fields": {"action_time": "2021-10-26T20:33:03.875Z", "user": 2, "content_type": 12, "object_id": "10", "object_repr": "Lightning ring", "action_flag": 2, "change_message": "[{\"changed\": {\"fields\": [\"Image\"]}}]"}}, {"model": "admin.logentry", "pk": 261, "fields": {"action_time": "2021-10-26T20:34:15.559Z", "user": 2, "content_type": 12, "object_id": "11", "object_repr": "Drain ring", "action_flag": 1, "change_message": "[{\"added\": {}}]"}}, {"model": "admin.logentry", "pk": 262, "fields": {"action_time": "2021-10-26T20:35:24.009Z", "user": 2, "content_type": 12, "object_id": "12", "object_repr": "Golem ring", "action_flag": 1, "change_message": "[{\"added\": {}}]"}}, {"model": "admin.logentry", "pk": 263, "fields": {"action_time": "2021-10-26T20:36:42.859Z", "user": 2, "content_type": 12, "object_id": "13", "object_repr": "Ice ring", "action_flag": 1, "change_message": "[{\"added\": {}}]"}}, {"model": "admin.logentry", "pk": 264, "fields": {"action_time": "2021-10-26T20:36:51.530Z", "user": 2, "content_type": 12, "object_id": "11", "object_repr": "Drain ring", "action_flag": 2, "change_message": "[{\"changed\": {\"fields\": [\"In freeversion\"]}}]"}}, {"model": "admin.logentry", "pk": 265, "fields": {"action_time": "2021-10-26T20:36:57.323Z", "user": 2, "content_type": 12, "object_id": "12", "object_repr": "Golem ring", "action_flag": 2, "change_message": "[{\"changed\": {\"fields\": [\"In freeversion\"]}}]"}}, {"model": "admin.logentry", "pk": 266, "fields": {"action_time": "2021-10-26T20:37:02.974Z", "user": 2, "content_type": 12, "object_id": "13", "object_repr": "Ice ring", "action_flag": 2, "change_message": "[{\"changed\": {\"fields\": [\"In freeversion\"]}}]"}}, {"model": "admin.logentry", "pk": 267, "fields": {"action_time": "2021-10-26T20:38:45.448Z", "user": 2, "content_type": 12, "object_id": "14", "object_repr": "Drain necklace", "action_flag": 1, "change_message": "[{\"added\": {}}]"}}, {"model": "admin.logentry", "pk": 268, "fields": {"action_time": "2021-10-26T20:39:02.908Z", "user": 2, "content_type": 12, "object_id": "14", "object_repr": "Drain necklace", "action_flag": 2, "change_message": "[{\"changed\": {\"fields\": [\"Healing modifier\"]}}]"}}, {"model": "admin.logentry", "pk": 269, "fields": {"action_time": "2021-10-26T20:40:48.066Z", "user": 2, "content_type": 12, "object_id": "15", "object_repr": "Fire necklace", "action_flag": 1, "change_message": "[{\"added\": {}}]"}}, {"model": "admin.logentry", "pk": 270, "fields": {"action_time": "2021-10-26T20:41:00.339Z", "user": 2, "content_type": 12, "object_id": "14", "object_repr": "Drain necklace", "action_flag": 2, "change_message": "[{\"changed\": {\"fields\": [\"Effect text\"]}}]"}}, {"model": "admin.logentry", "pk": 271, "fields": {"action_time": "2021-10-26T20:41:06.618Z", "user": 2, "content_type": 12, "object_id": "15", "object_repr": "Fire necklace", "action_flag": 2, "change_message": "[{\"changed\": {\"fields\": [\"In freeversion\"]}}]"}}, {"model": "admin.logentry", "pk": 272, "fields": {"action_time": "2021-10-26T20:42:35.380Z", "user": 2, "content_type": 12, "object_id": "16", "object_repr": "Golem necklace", "action_flag": 1, "change_message": "[{\"added\": {}}]"}}, {"model": "admin.logentry", "pk": 273, "fields": {"action_time": "2021-10-26T20:42:41.922Z", "user": 2, "content_type": 12, "object_id": "15", "object_repr": "Fire necklace", "action_flag": 2, "change_message": "[]"}}, {"model": "admin.logentry", "pk": 274, "fields": {"action_time": "2021-10-26T20:42:50.196Z", "user": 2, "content_type": 12, "object_id": "16", "object_repr": "Golem necklace", "action_flag": 2, "change_message": "[{\"changed\": {\"fields\": [\"In freeversion\", \"Mana cost\"]}}]"}}, {"model": "admin.logentry", "pk": 275, "fields": {"action_time": "2021-10-26T20:44:39.757Z", "user": 2, "content_type": 12, "object_id": "17", "object_repr": "Ice necklace", "action_flag": 1, "change_message": "[{\"added\": {}}]"}}, {"model": "admin.logentry", "pk": 276, "fields": {"action_time": "2021-10-26T20:44:45.734Z", "user": 2, "content_type": 12, "object_id": "17", "object_repr": "Ice necklace", "action_flag": 2, "change_message": "[{\"changed\": {\"fields\": [\"In freeversion\"]}}]"}}, {"model": "admin.logentry", "pk": 277, "fields": {"action_time": "2021-10-26T20:45:55.488Z", "user": 2, "content_type": 12, "object_id": "18", "object_repr": "Lightning necklace", "action_flag": 1, "change_message": "[{\"added\": {}}]"}}, {"model": "admin.logentry", "pk": 278, "fields": {"action_time": "2021-10-26T20:46:01.682Z", "user": 2, "content_type": 12, "object_id": "18", "object_repr": "Lightning necklace", "action_flag": 2, "change_message": "[{\"changed\": {\"fields\": [\"In freeversion\"]}}]"}}, {"model": "admin.logentry", "pk": 279, "fields": {"action_time": "2021-10-26T20:46:54.993Z", "user": 2, "content_type": 12, "object_id": "14", "object_repr": "Drain necklace", "action_flag": 2, "change_message": "[{\"changed\": {\"fields\": [\"Mana cost\"]}}]"}}, {"model": "admin.logentry", "pk": 280, "fields": {"action_time": "2021-10-26T20:47:02.120Z", "user": 2, "content_type": 12, "object_id": "15", "object_repr": "Fire necklace", "action_flag": 2, "change_message": "[{\"changed\": {\"fields\": [\"Mana cost\"]}}]"}}, {"model": "admin.logentry", "pk": 281, "fields": {"action_time": "2021-10-26T20:47:10.442Z", "user": 2, "content_type": 12, "object_id": "16", "object_repr": "Golem necklace", "action_flag": 2, "change_message": "[{\"changed\": {\"fields\": [\"Mana cost\"]}}]"}}, {"model": "admin.logentry", "pk": 282, "fields": {"action_time": "2021-10-26T20:47:17.506Z", "user": 2, "content_type": 12, "object_id": "17", "object_repr": "Ice necklace", "action_flag": 2, "change_message": "[{\"changed\": {\"fields\": [\"Mana cost\"]}}]"}}, {"model": "admin.logentry", "pk": 283, "fields": {"action_time": "2021-10-26T20:47:23.986Z", "user": 2, "content_type": 12, "object_id": "18", "object_repr": "Lightning necklace", "action_flag": 2, "change_message": "[{\"changed\": {\"fields\": [\"Mana cost\"]}}]"}}, {"model": "admin.logentry", "pk": 284, "fields": {"action_time": "2021-10-27T09:24:01.534Z", "user": 2, "content_type": 12, "object_id": "13", "object_repr": "Ice ring", "action_flag": 2, "change_message": "[{\"changed\": {\"fields\": [\"Effect text\"]}}]"}}, {"model": "admin.logentry", "pk": 285, "fields": {"action_time": "2021-10-27T09:29:41.475Z", "user": 2, "content_type": 12, "object_id": "15", "object_repr": "Fire necklace", "action_flag": 2, "change_message": "[{\"changed\": {\"fields\": [\"Attack modifier\"]}}]"}}, {"model": "admin.logentry", "pk": 286, "fields": {"action_time": "2021-10-27T09:29:50.769Z", "user": 2, "content_type": 12, "object_id": "16", "object_repr": "Golem necklace", "action_flag": 2, "change_message": "[{\"changed\": {\"fields\": [\"Attack modifier\"]}}]"}}, {"model": "admin.logentry", "pk": 287, "fields": {"action_time": "2021-10-27T09:30:01.265Z", "user": 2, "content_type": 12, "object_id": "18", "object_repr": "Lightning necklace", "action_flag": 2, "change_message": "[]"}}, {"model": "admin.logentry", "pk": 288, "fields": {"action_time": "2021-10-27T10:20:42.231Z", "user": 2, "content_type": 16, "object_id": "4", "object_repr": "https://8000-black-flea-91abj8my.ws-eu18.gitpod.io/", "action_flag": 2, "change_message": "[{\"changed\": {\"fields\": [\"Domain name\"]}}]"}}, {"model": "admin.logentry", "pk": 289, "fields": {"action_time": "2021-10-27T10:21:38.354Z", "user": 2, "content_type": 15, "object_id": "3", "object_repr": "jorispaarde", "action_flag": 2, "change_message": "[{\"changed\": {\"fields\": [\"Payed full version\"]}}]"}}, {"model": "admin.logentry", "pk": 290, "fields": {"action_time": "2021-10-27T10:34:18.625Z", "user": 2, "content_type": 14, "object_id": "50", "object_repr": "Paardekooper", "action_flag": 2, "change_message": "[{\"changed\": {\"fields\": [\"Ice attack power\", \"Drain attack power\", \"Mana max\", \"Health max\"]}}]"}}, {"model": "admin.logentry", "pk": 291, "fields": {"action_time": "2021-10-27T10:47:13.388Z", "user": 2, "content_type": 12, "object_id": "1", "object_repr": "Frost Storm", "action_flag": 2, "change_message": "[{\"changed\": {\"fields\": [\"Allowed in phase\"]}}]"}}, {"model": "admin.logentry", "pk": 292, "fields": {"action_time": "2021-10-27T10:47:54.529Z", "user": 2, "content_type": 4, "object_id": "4", "object_repr": "MyKeyMike", "action_flag": 2, "change_message": "[{\"changed\": {\"fields\": [\"Staff status\"]}}]"}}, {"model": "admin.logentry", "pk": 293, "fields": {"action_time": "2021-10-27T10:51:12.688Z", "user": 2, "content_type": 4, "object_id": "4", "object_repr": "MyKeyMike", "action_flag": 2, "change_message": "[{\"changed\": {\"fields\": [\"Superuser status\"]}}]"}}, {"model": "admin.logentry", "pk": 294, "fields": {"action_time": "2021-10-27T10:51:41.474Z", "user": 2, "content_type": 4, "object_id": "4", "object_repr": "MyKeyMike", "action_flag": 2, "change_message": "[{\"changed\": {\"fields\": [\"User permissions\"]}}]"}}, {"model": "admin.logentry", "pk": 295, "fields": {"action_time": "2021-10-27T10:51:58.942Z", "user": 2, "content_type": 4, "object_id": "4", "object_repr": "MyKeyMike", "action_flag": 2, "change_message": "[{\"changed\": {\"fields\": [\"User permissions\"]}}]"}}, {"model": "admin.logentry", "pk": 296, "fields": {"action_time": "2021-10-27T11:11:10.396Z", "user": 2, "content_type": 10, "object_id": "93", "object_repr": "93", "action_flag": 2, "change_message": "[{\"changed\": {\"fields\": [\"Total gamefloors played\"]}}]"}}, {"model": "admin.logentry", "pk": 297, "fields": {"action_time": "2021-10-27T11:11:23.212Z", "user": 2, "content_type": 10, "object_id": "93", "object_repr": "93", "action_flag": 2, "change_message": "[]"}}, {"model": "admin.logentry", "pk": 298, "fields": {"action_time": "2021-10-27T11:13:13.217Z", "user": 2, "content_type": 10, "object_id": "89", "object_repr": "89", "action_flag": 2, "change_message": "[{\"changed\": {\"fields\": [\"Total gamefloors played\"]}}]"}}, {"model": "admin.logentry", "pk": 299, "fields": {"action_time": "2021-10-27T11:13:19.819Z", "user": 2, "content_type": 10, "object_id": "91", "object_repr": "91", "action_flag": 2, "change_message": "[{\"changed\": {\"fields\": [\"Total gamefloors played\"]}}]"}}, {"model": "admin.logentry", "pk": 300, "fields": {"action_time": "2021-10-27T11:13:40.039Z", "user": 2, "content_type": 10, "object_id": "103", "object_repr": "103", "action_flag": 2, "change_message": "[{\"changed\": {\"fields\": [\"Score\", \"Total gamefloors played\"]}}]"}}, {"model": "admin.logentry", "pk": 301, "fields": {"action_time": "2021-10-27T11:13:59.257Z", "user": 2, "content_type": 10, "object_id": "100", "object_repr": "100", "action_flag": 2, "change_message": "[{\"changed\": {\"fields\": [\"Total gamefloors played\"]}}]"}}, {"model": "admin.logentry", "pk": 302, "fields": {"action_time": "2021-10-27T11:14:21.164Z", "user": 2, "content_type": 10, "object_id": "92", "object_repr": "92", "action_flag": 2, "change_message": "[{\"changed\": {\"fields\": [\"Total gamefloors played\"]}}]"}}, {"model": "admin.logentry", "pk": 303, "fields": {"action_time": "2021-10-27T11:14:35.280Z", "user": 2, "content_type": 10, "object_id": "103", "object_repr": "103", "action_flag": 2, "change_message": "[{\"changed\": {\"fields\": [\"Total gamefloors played\"]}}]"}}, {"model": "admin.logentry", "pk": 304, "fields": {"action_time": "2021-10-27T11:17:26.430Z", "user": 2, "content_type": 10, "object_id": "90", "object_repr": "90", "action_flag": 2, "change_message": "[{\"changed\": {\"fields\": [\"Total gamefloors played\"]}}]"}}, {"model": "admin.logentry", "pk": 305, "fields": {"action_time": "2021-10-27T11:17:35.981Z", "user": 2, "content_type": 10, "object_id": "101", "object_repr": "101", "action_flag": 2, "change_message": "[{\"changed\": {\"fields\": [\"Total gamefloors played\"]}}]"}}, {"model": "admin.logentry", "pk": 306, "fields": {"action_time": "2021-10-27T11:18:27.135Z", "user": 2, "content_type": 10, "object_id": "95", "object_repr": "95", "action_flag": 2, "change_message": "[{\"changed\": {\"fields\": [\"Total gamefloors played\"]}}]"}}, {"model": "admin.logentry", "pk": 307, "fields": {"action_time": "2021-10-27T11:34:54.513Z", "user": 2, "content_type": 10, "object_id": "96", "object_repr": "96", "action_flag": 2, "change_message": "[{\"changed\": {\"fields\": [\"Current game floor number\"]}}]"}}, {"model": "admin.logentry", "pk": 308, "fields": {"action_time": "2021-10-27T12:07:36.176Z", "user": 2, "content_type": 4, "object_id": "4", "object_repr": "MyKeyMike", "action_flag": 2, "change_message": "[{\"changed\": {\"fields\": [\"Superuser status\"]}}]"}}, {"model": "admin.logentry", "pk": 309, "fields": {"action_time": "2021-10-27T12:12:53.763Z", "user": 2, "content_type": 12, "object_id": "4", "object_repr": "Thunderstorm", "action_flag": 2, "change_message": "[{\"changed\": {\"fields\": [\"In freeversion\"]}}]"}}, {"model": "admin.logentry", "pk": 310, "fields": {"action_time": "2021-10-27T12:13:08.828Z", "user": 2, "content_type": 12, "object_id": "1", "object_repr": "Frost Storm", "action_flag": 2, "change_message": "[{\"changed\": {\"fields\": [\"In freeversion\"]}}]"}}, {"model": "admin.logentry", "pk": 311, "fields": {"action_time": "2021-10-27T12:13:26.622Z", "user": 2, "content_type": 12, "object_id": "1", "object_repr": "Frost Storm", "action_flag": 2, "change_message": "[{\"changed\": {\"fields\": [\"In freeversion\"]}}]"}}, {"model": "admin.logentry", "pk": 312, "fields": {"action_time": "2021-10-27T12:14:06.938Z", "user": 2, "content_type": 12, "object_id": "3", "object_repr": "Soul drain", "action_flag": 2, "change_message": "[{\"changed\": {\"fields\": [\"In freeversion\"]}}]"}}, {"model": "admin.logentry", "pk": 313, "fields": {"action_time": "2021-10-27T12:46:04.814Z", "user": 2, "content_type": 15, "object_id": "1", "object_repr": "Paardekooper", "action_flag": 2, "change_message": "[{\"changed\": {\"fields\": [\"Payed full version\"]}}]"}}, {"model": "admin.logentry", "pk": 314, "fields": {"action_time": "2021-10-27T12:52:19.049Z", "user": 2, "content_type": 15, "object_id": "1", "object_repr": "Paardekooper", "action_flag": 2, "change_message": "[{\"changed\": {\"fields\": [\"Payed full version\"]}}]"}}, {"model": "admin.logentry", "pk": 315, "fields": {"action_time": "2021-10-27T14:28:54.679Z", "user": 2, "content_type": 15, "object_id": "1", "object_repr": "Paardekooper", "action_flag": 2, "change_message": "[{\"changed\": {\"fields\": [\"Payed full version\"]}}]"}}, {"model": "admin.logentry", "pk": 316, "fields": {"action_time": "2021-10-28T12:30:22.547Z", "user": 2, "content_type": 10, "object_id": "116", "object_repr": "116", "action_flag": 2, "change_message": "[{\"changed\": {\"fields\": [\"Game step\"]}}]"}}, {"model": "admin.logentry", "pk": 317, "fields": {"action_time": "2021-10-28T18:52:04.379Z", "user": 2, "content_type": 10, "object_id": "122", "object_repr": "122", "action_flag": 3, "change_message": ""}}, {"model": "admin.logentry", "pk": 318, "fields": {"action_time": "2021-10-28T18:52:35.771Z", "user": 2, "content_type": 13, "object_id": "1157", "object_repr": "Ice necklace", "action_flag": 2, "change_message": "[{\"changed\": {\"fields\": [\"Card\"]}}]"}}, {"model": "admin.logentry", "pk": 319, "fields": {"action_time": "2021-10-28T18:52:43.816Z", "user": 2, "content_type": 13, "object_id": "1158", "object_repr": "Ice necklace", "action_flag": 2, "change_message": "[{\"changed\": {\"fields\": [\"Card\"]}}]"}}, {"model": "admin.logentry", "pk": 320, "fields": {"action_time": "2021-10-28T18:56:59.535Z", "user": 2, "content_type": 10, "object_id": "123", "object_repr": "123", "action_flag": 2, "change_message": "[{\"changed\": {\"fields\": [\"Current game floor\"]}}]"}}, {"model": "admin.logentry", "pk": 321, "fields": {"action_time": "2021-10-28T18:57:09.190Z", "user": 2, "content_type": 9, "object_id": "271", "object_repr": "271", "action_flag": 2, "change_message": "[{\"changed\": {\"fields\": [\"Enemy\"]}}]"}}, {"model": "admin.logentry", "pk": 322, "fields": {"action_time": "2021-10-28T19:45:55.739Z", "user": 2, "content_type": 15, "object_id": "1", "object_repr": "Paardekooper", "action_flag": 2, "change_message": "[{\"changed\": {\"fields\": [\"Payed full version\"]}}]"}}, {"model": "admin.logentry", "pk": 323, "fields": {"action_time": "2021-10-28T19:49:41.278Z", "user": 2, "content_type": 15, "object_id": "1", "object_repr": "Paardekooper", "action_flag": 2, "change_message": "[{\"changed\": {\"fields\": [\"Payed full version\"]}}]"}}, {"model": "admin.logentry", "pk": 324, "fields": {"action_time": "2021-10-28T19:51:13.393Z", "user": 2, "content_type": 15, "object_id": "1", "object_repr": "Paardekooper", "action_flag": 2, "change_message": "[{\"changed\": {\"fields\": [\"Payed full version\"]}}]"}}, {"model": "admin.logentry", "pk": 325, "fields": {"action_time": "2021-10-28T20:04:28.910Z", "user": 2, "content_type": 15, "object_id": "1", "object_repr": "Paardekooper", "action_flag": 2, "change_message": "[{\"changed\": {\"fields\": [\"Payed full version\"]}}]"}}, {"model": "admin.logentry", "pk": 326, "fields": {"action_time": "2021-10-28T20:08:25.176Z", "user": 2, "content_type": 15, "object_id": "1", "object_repr": "Paardekooper", "action_flag": 2, "change_message": "[{\"changed\": {\"fields\": [\"Payed full version\"]}}]"}}, {"model": "admin.logentry", "pk": 327, "fields": {"action_time": "2021-10-28T20:15:36.287Z", "user": 2, "content_type": 15, "object_id": "1", "object_repr": "Paardekooper", "action_flag": 2, "change_message": "[{\"changed\": {\"fields\": [\"Payed full version\"]}}]"}}, {"model": "admin.logentry", "pk": 328, "fields": {"action_time": "2021-10-28T20:21:11.721Z", "user": 2, "content_type": 15, "object_id": "1", "object_repr": "Paardekooper", "action_flag": 2, "change_message": "[{\"changed\": {\"fields\": [\"Payed full version\"]}}]"}}, {"model": "admin.logentry", "pk": 329, "fields": {"action_time": "2021-10-28T20:33:11.298Z", "user": 2, "content_type": 15, "object_id": "1", "object_repr": "Paardekooper", "action_flag": 2, "change_message": "[{\"changed\": {\"fields\": [\"Payed full version\"]}}]"}}, {"model": "admin.logentry", "pk": 330, "fields": {"action_time": "2021-10-29T07:39:51.363Z", "user": 2, "content_type": 15, "object_id": "5", "object_repr": "Joep", "action_flag": 3, "change_message": ""}}, {"model": "admin.logentry", "pk": 331, "fields": {"action_time": "2021-10-29T07:40:03.707Z", "user": 2, "content_type": 4, "object_id": "5", "object_repr": "Joep", "action_flag": 3, "change_message": ""}}, {"model": "admin.logentry", "pk": 332, "fields": {"action_time": "2021-10-29T08:10:36.305Z", "user": 2, "content_type": 10, "object_id": "89", "object_repr": "89", "action_flag": 3, "change_message": ""}}, {"model": "admin.logentry", "pk": 333, "fields": {"action_time": "2021-10-29T08:10:36.328Z", "user": 2, "content_type": 10, "object_id": "90", "object_repr": "90", "action_flag": 3, "change_message": ""}}, {"model": "admin.logentry", "pk": 334, "fields": {"action_time": "2021-10-29T08:10:36.348Z", "user": 2, "content_type": 10, "object_id": "91", "object_repr": "91", "action_flag": 3, "change_message": ""}}, {"model": "admin.logentry", "pk": 335, "fields": {"action_time": "2021-10-29T08:10:36.368Z", "user": 2, "content_type": 10, "object_id": "92", "object_repr": "92", "action_flag": 3, "change_message": ""}}, {"model": "admin.logentry", "pk": 336, "fields": {"action_time": "2021-10-29T08:10:36.389Z", "user": 2, "content_type": 10, "object_id": "93", "object_repr": "93", "action_flag": 3, "change_message": ""}}, {"model": "admin.logentry", "pk": 337, "fields": {"action_time": "2021-10-29T08:10:36.409Z", "user": 2, "content_type": 10, "object_id": "94", "object_repr": "94", "action_flag": 3, "change_message": ""}}, {"model": "admin.logentry", "pk": 338, "fields": {"action_time": "2021-10-29T08:10:36.430Z", "user": 2, "content_type": 10, "object_id": "97", "object_repr": "97", "action_flag": 3, "change_message": ""}}, {"model": "admin.logentry", "pk": 339, "fields": {"action_time": "2021-10-29T08:10:36.452Z", "user": 2, "content_type": 10, "object_id": "98", "object_repr": "98", "action_flag": 3, "change_message": ""}}, {"model": "admin.logentry", "pk": 340, "fields": {"action_time": "2021-10-29T08:10:36.472Z", "user": 2, "content_type": 10, "object_id": "99", "object_repr": "99", "action_flag": 3, "change_message": ""}}, {"model": "admin.logentry", "pk": 341, "fields": {"action_time": "2021-10-29T08:10:36.493Z", "user": 2, "content_type": 10, "object_id": "102", "object_repr": "102", "action_flag": 3, "change_message": ""}}, {"model": "admin.logentry", "pk": 342, "fields": {"action_time": "2021-10-29T08:10:36.513Z", "user": 2, "content_type": 10, "object_id": "103", "object_repr": "103", "action_flag": 3, "change_message": ""}}, {"model": "admin.logentry", "pk": 343, "fields": {"action_time": "2021-10-29T08:10:36.534Z", "user": 2, "content_type": 10, "object_id": "104", "object_repr": "104", "action_flag": 3, "change_message": ""}}, {"model": "admin.logentry", "pk": 344, "fields": {"action_time": "2021-10-29T08:10:36.554Z", "user": 2, "content_type": 10, "object_id": "107", "object_repr": "107", "action_flag": 3, "change_message": ""}}, {"model": "admin.logentry", "pk": 345, "fields": {"action_time": "2021-10-29T08:10:36.574Z", "user": 2, "content_type": 10, "object_id": "108", "object_repr": "108", "action_flag": 3, "change_message": ""}}, {"model": "admin.logentry", "pk": 346, "fields": {"action_time": "2021-10-29T08:10:36.595Z", "user": 2, "content_type": 10, "object_id": "109", "object_repr": "109", "action_flag": 3, "change_message": ""}}, {"model": "admin.logentry", "pk": 347, "fields": {"action_time": "2021-10-29T08:10:36.616Z", "user": 2, "content_type": 10, "object_id": "110", "object_repr": "110", "action_flag": 3, "change_message": ""}}, {"model": "admin.logentry", "pk": 348, "fields": {"action_time": "2021-10-29T08:10:36.639Z", "user": 2, "content_type": 10, "object_id": "111", "object_repr": "111", "action_flag": 3, "change_message": ""}}, {"model": "admin.logentry", "pk": 349, "fields": {"action_time": "2021-10-29T08:10:36.660Z", "user": 2, "content_type": 10, "object_id": "112", "object_repr": "112", "action_flag": 3, "change_message": ""}}, {"model": "admin.logentry", "pk": 350, "fields": {"action_time": "2021-10-29T08:10:36.681Z", "user": 2, "content_type": 10, "object_id": "113", "object_repr": "113", "action_flag": 3, "change_message": ""}}, {"model": "admin.logentry", "pk": 351, "fields": {"action_time": "2021-10-29T08:10:36.702Z", "user": 2, "content_type": 10, "object_id": "114", "object_repr": "114", "action_flag": 3, "change_message": ""}}, {"model": "admin.logentry", "pk": 352, "fields": {"action_time": "2021-10-29T08:10:36.722Z", "user": 2, "content_type": 10, "object_id": "115", "object_repr": "115", "action_flag": 3, "change_message": ""}}, {"model": "admin.logentry", "pk": 353, "fields": {"action_time": "2021-10-29T08:10:36.742Z", "user": 2, "content_type": 10, "object_id": "116", "object_repr": "116", "action_flag": 3, "change_message": ""}}, {"model": "admin.logentry", "pk": 354, "fields": {"action_time": "2021-10-29T08:10:36.763Z", "user": 2, "content_type": 10, "object_id": "117", "object_repr": "117", "action_flag": 3, "change_message": ""}}, {"model": "admin.logentry", "pk": 355, "fields": {"action_time": "2021-10-29T08:10:36.783Z", "user": 2, "content_type": 10, "object_id": "118", "object_repr": "118", "action_flag": 3, "change_message": ""}}, {"model": "admin.logentry", "pk": 356, "fields": {"action_time": "2021-10-29T08:10:36.804Z", "user": 2, "content_type": 10, "object_id": "119", "object_repr": "119", "action_flag": 3, "change_message": ""}}, {"model": "admin.logentry", "pk": 357, "fields": {"action_time": "2021-10-29T08:10:36.825Z", "user": 2, "content_type": 10, "object_id": "120", "object_repr": "120", "action_flag": 3, "change_message": ""}}, {"model": "admin.logentry", "pk": 358, "fields": {"action_time": "2021-10-29T08:10:36.845Z", "user": 2, "content_type": 10, "object_id": "121", "object_repr": "121", "action_flag": 3, "change_message": ""}}, {"model": "admin.logentry", "pk": 359, "fields": {"action_time": "2021-10-29T08:10:36.865Z", "user": 2, "content_type": 10, "object_id": "123", "object_repr": "123", "action_flag": 3, "change_message": ""}}, {"model": "admin.logentry", "pk": 360, "fields": {"action_time": "2021-10-29T08:10:36.886Z", "user": 2, "content_type": 10, "object_id": "124", "object_repr": "124", "action_flag": 3, "change_message": ""}}, {"model": "admin.logentry", "pk": 361, "fields": {"action_time": "2021-10-29T08:10:36.907Z", "user": 2, "content_type": 10, "object_id": "125", "object_repr": "125", "action_flag": 3, "change_message": ""}}, {"model": "admin.logentry", "pk": 362, "fields": {"action_time": "2021-10-29T08:10:36.927Z", "user": 2, "content_type": 10, "object_id": "126", "object_repr": "126", "action_flag": 3, "change_message": ""}}, {"model": "admin.logentry", "pk": 363, "fields": {"action_time": "2021-10-29T08:11:01.307Z", "user": 2, "content_type": 13, "object_id": "950", "object_repr": "Frost Storm", "action_flag": 3, "change_message": ""}}, {"model": "admin.logentry", "pk": 364, "fields": {"action_time": "2021-10-29T08:11:01.331Z", "user": 2, "content_type": 13, "object_id": "954", "object_repr": "Thunderstorm", "action_flag": 3, "change_message": ""}}, {"model": "admin.logentry", "pk": 365, "fields": {"action_time": "2021-10-29T08:11:01.354Z", "user": 2, "content_type": 13, "object_id": "958", "object_repr": "Fire ring", "action_flag": 3, "change_message": ""}}, {"model": "admin.logentry", "pk": 366, "fields": {"action_time": "2021-10-29T08:11:01.376Z", "user": 2, "content_type": 13, "object_id": "962", "object_repr": "Healing", "action_flag": 3, "change_message": ""}}, {"model": "admin.logentry", "pk": 367, "fields": {"action_time": "2021-10-29T08:11:01.399Z", "user": 2, "content_type": 13, "object_id": "964", "object_repr": "Frost Storm", "action_flag": 3, "change_message": ""}}, {"model": "admin.logentry", "pk": 368, "fields": {"action_time": "2021-10-29T08:11:01.433Z", "user": 2, "content_type": 13, "object_id": "965", "object_repr": "Metal golem", "action_flag": 3, "change_message": ""}}, {"model": "admin.logentry", "pk": 369, "fields": {"action_time": "2021-10-29T08:11:01.455Z", "user": 2, "content_type": 13, "object_id": "967", "object_repr": "Dragonsbreath", "action_flag": 3, "change_message": ""}}, {"model": "admin.logentry", "pk": 370, "fields": {"action_time": "2021-10-29T08:11:01.478Z", "user": 2, "content_type": 13, "object_id": "971", "object_repr": "Dragonsbreath", "action_flag": 3, "change_message": ""}}, {"model": "admin.logentry", "pk": 371, "fields": {"action_time": "2021-10-29T08:11:01.501Z", "user": 2, "content_type": 13, "object_id": "972", "object_repr": "Health potion", "action_flag": 3, "change_message": ""}}, {"model": "admin.logentry", "pk": 372, "fields": {"action_time": "2021-10-29T08:11:01.523Z", "user": 2, "content_type": 13, "object_id": "978", "object_repr": "Healing", "action_flag": 3, "change_message": ""}}, {"model": "admin.logentry", "pk": 373, "fields": {"action_time": "2021-10-29T08:11:01.545Z", "user": 2, "content_type": 13, "object_id": "982", "object_repr": "Dragonsbreath", "action_flag": 3, "change_message": ""}}, {"model": "admin.logentry", "pk": 374, "fields": {"action_time": "2021-10-29T08:11:01.568Z", "user": 2, "content_type": 13, "object_id": "983", "object_repr": "Dragonsbreath", "action_flag": 3, "change_message": ""}}, {"model": "admin.logentry", "pk": 375, "fields": {"action_time": "2021-10-29T08:11:01.591Z", "user": 2, "content_type": 13, "object_id": "987", "object_repr": "Metal golem", "action_flag": 3, "change_message": ""}}, {"model": "admin.logentry", "pk": 376, "fields": {"action_time": "2021-10-29T08:11:01.614Z", "user": 2, "content_type": 13, "object_id": "988", "object_repr": "Healing", "action_flag": 3, "change_message": ""}}, {"model": "admin.logentry", "pk": 377, "fields": {"action_time": "2021-10-29T08:11:01.636Z", "user": 2, "content_type": 13, "object_id": "989", "object_repr": "Health potion", "action_flag": 3, "change_message": ""}}, {"model": "admin.logentry", "pk": 378, "fields": {"action_time": "2021-10-29T08:11:01.659Z", "user": 2, "content_type": 13, "object_id": "1141", "object_repr": "Thunderstorm", "action_flag": 3, "change_message": ""}}, {"model": "admin.logentry", "pk": 379, "fields": {"action_time": "2021-10-29T08:11:01.682Z", "user": 2, "content_type": 13, "object_id": "1143", "object_repr": "Drain ring", "action_flag": 3, "change_message": ""}}, {"model": "admin.logentry", "pk": 380, "fields": {"action_time": "2021-10-29T08:11:01.705Z", "user": 2, "content_type": 13, "object_id": "1145", "object_repr": "Fire ring", "action_flag": 3, "change_message": ""}}, {"model": "admin.logentry", "pk": 381, "fields": {"action_time": "2021-10-29T08:11:01.727Z", "user": 2, "content_type": 13, "object_id": "1146", "object_repr": "Frost Storm", "action_flag": 3, "change_message": ""}}, {"model": "admin.logentry", "pk": 382, "fields": {"action_time": "2021-10-29T08:11:01.750Z", "user": 2, "content_type": 13, "object_id": "1147", "object_repr": "Fire necklace", "action_flag": 3, "change_message": ""}}, {"model": "admin.logentry", "pk": 383, "fields": {"action_time": "2021-10-29T08:11:01.772Z", "user": 2, "content_type": 13, "object_id": "1149", "object_repr": "Mana potion", "action_flag": 3, "change_message": ""}}, {"model": "admin.logentry", "pk": 384, "fields": {"action_time": "2021-10-29T08:11:01.795Z", "user": 2, "content_type": 13, "object_id": "1150", "object_repr": "Metal golem", "action_flag": 3, "change_message": ""}}, {"model": "admin.logentry", "pk": 385, "fields": {"action_time": "2021-10-29T08:11:01.817Z", "user": 2, "content_type": 13, "object_id": "1151", "object_repr": "Golem ring", "action_flag": 3, "change_message": ""}}, {"model": "admin.logentry", "pk": 386, "fields": {"action_time": "2021-10-29T08:11:09.906Z", "user": 2, "content_type": 10, "object_id": "106", "object_repr": "106", "action_flag": 3, "change_message": ""}}, {"model": "admin.logentry", "pk": 387, "fields": {"action_time": "2021-10-29T08:11:32.722Z", "user": 2, "content_type": 10, "object_id": "95", "object_repr": "95", "action_flag": 2, "change_message": "[{\"changed\": {\"fields\": [\"Score\", \"Current game floor number\", \"Total gamefloors played\"]}}]"}}, {"model": "admin.logentry", "pk": 388, "fields": {"action_time": "2021-10-29T08:11:51.108Z", "user": 2, "content_type": 10, "object_id": "100", "object_repr": "100", "action_flag": 2, "change_message": "[{\"changed\": {\"fields\": [\"Score\", \"Current game floor number\", \"Total gamefloors played\"]}}]"}}, {"model": "admin.logentry", "pk": 389, "fields": {"action_time": "2021-10-29T08:12:06.688Z", "user": 2, "content_type": 10, "object_id": "101", "object_repr": "101", "action_flag": 2, "change_message": "[{\"changed\": {\"fields\": [\"Score\", \"Current game floor number\", \"Total gamefloors played\"]}}]"}}, {"model": "admin.logentry", "pk": 390, "fields": {"action_time": "2021-10-29T11:21:48.158Z", "user": 2, "content_type": 13, "object_id": "1250", "object_repr": "Ice ring", "action_flag": 3, "change_message": ""}}, {"model": "admin.logentry", "pk": 391, "fields": {"action_time": "2021-10-29T11:31:03.661Z", "user": 2, "content_type": 14, "object_id": "50", "object_repr": "Paardekooper", "action_flag": 2, "change_message": "[{\"changed\": {\"fields\": [\"Healing power\"]}}]"}}, {"model": "admin.logentry", "pk": 392, "fields": {"action_time": "2021-10-29T11:35:04.641Z", "user": 2, "content_type": 14, "object_id": "50", "object_repr": "Paardekooper", "action_flag": 2, "change_message": "[{\"changed\": {\"fields\": [\"Drain attack power\"]}}]"}}, {"model": "admin.logentry", "pk": 393, "fields": {"action_time": "2021-10-29T12:55:21.855Z", "user": 2, "content_type": 10, "object_id": "127", "object_repr": "127", "action_flag": 3, "change_message": ""}}, {"model": "admin.logentry", "pk": 394, "fields": {"action_time": "2021-10-29T12:55:21.877Z", "user": 2, "content_type": 10, "object_id": "128", "object_repr": "128", "action_flag": 3, "change_message": ""}}, {"model": "admin.logentry", "pk": 395, "fields": {"action_time": "2021-10-29T12:55:21.897Z", "user": 2, "content_type": 10, "object_id": "129", "object_repr": "129", "action_flag": 3, "change_message": ""}}, {"model": "admin.logentry", "pk": 396, "fields": {"action_time": "2021-10-29T12:55:21.917Z", "user": 2, "content_type": 10, "object_id": "130", "object_repr": "130", "action_flag": 3, "change_message": ""}}, {"model": "admin.logentry", "pk": 397, "fields": {"action_time": "2021-10-29T12:55:21.936Z", "user": 2, "content_type": 10, "object_id": "131", "object_repr": "131", "action_flag": 3, "change_message": ""}}, {"model": "admin.logentry", "pk": 398, "fields": {"action_time": "2021-10-29T12:55:21.956Z", "user": 2, "content_type": 10, "object_id": "132", "object_repr": "132", "action_flag": 3, "change_message": ""}}, {"model": "admin.logentry", "pk": 399, "fields": {"action_time": "2021-10-29T12:55:21.975Z", "user": 2, "content_type": 10, "object_id": "133", "object_repr": "133", "action_flag": 3, "change_message": ""}}, {"model": "admin.logentry", "pk": 400, "fields": {"action_time": "2021-10-29T12:55:21.994Z", "user": 2, "content_type": 10, "object_id": "134", "object_repr": "134", "action_flag": 3, "change_message": ""}}, {"model": "admin.logentry", "pk": 401, "fields": {"action_time": "2021-10-29T12:55:22.014Z", "user": 2, "content_type": 10, "object_id": "135", "object_repr": "135", "action_flag": 3, "change_message": ""}}, {"model": "admin.logentry", "pk": 402, "fields": {"action_time": "2021-10-29T12:55:22.033Z", "user": 2, "content_type": 10, "object_id": "136", "object_repr": "136", "action_flag": 3, "change_message": ""}}, {"model": "admin.logentry", "pk": 403, "fields": {"action_time": "2021-10-29T12:55:22.052Z", "user": 2, "content_type": 10, "object_id": "137", "object_repr": "137", "action_flag": 3, "change_message": ""}}, {"model": "admin.logentry", "pk": 404, "fields": {"action_time": "2021-10-29T12:55:22.072Z", "user": 2, "content_type": 10, "object_id": "138", "object_repr": "138", "action_flag": 3, "change_message": ""}}, {"model": "admin.logentry", "pk": 405, "fields": {"action_time": "2021-10-29T12:55:22.091Z", "user": 2, "content_type": 10, "object_id": "139", "object_repr": "139", "action_flag": 3, "change_message": ""}}, {"model": "admin.logentry", "pk": 406, "fields": {"action_time": "2021-10-29T12:55:22.110Z", "user": 2, "content_type": 10, "object_id": "140", "object_repr": "140", "action_flag": 3, "change_message": ""}}, {"model": "admin.logentry", "pk": 407, "fields": {"action_time": "2021-10-29T12:55:22.130Z", "user": 2, "content_type": 10, "object_id": "141", "object_repr": "141", "action_flag": 3, "change_message": ""}}, {"model": "admin.logentry", "pk": 408, "fields": {"action_time": "2021-10-29T12:55:22.151Z", "user": 2, "content_type": 10, "object_id": "142", "object_repr": "142", "action_flag": 3, "change_message": ""}}, {"model": "admin.logentry", "pk": 409, "fields": {"action_time": "2021-10-29T12:55:22.172Z", "user": 2, "content_type": 10, "object_id": "143", "object_repr": "143", "action_flag": 3, "change_message": ""}}, {"model": "admin.logentry", "pk": 410, "fields": {"action_time": "2021-10-29T12:55:32.734Z", "user": 2, "content_type": 9, "object_id": "231", "object_repr": "231", "action_flag": 3, "change_message": ""}}, {"model": "admin.logentry", "pk": 411, "fields": {"action_time": "2021-10-29T12:55:32.755Z", "user": 2, "content_type": 9, "object_id": "267", "object_repr": "267", "action_flag": 3, "change_message": ""}}, {"model": "admin.logentry", "pk": 412, "fields": {"action_time": "2021-10-29T12:55:32.775Z", "user": 2, "content_type": 9, "object_id": "268", "object_repr": "268", "action_flag": 3, "change_message": ""}}, {"model": "admin.logentry", "pk": 413, "fields": {"action_time": "2021-10-29T12:55:32.794Z", "user": 2, "content_type": 9, "object_id": "270", "object_repr": "270", "action_flag": 3, "change_message": ""}}, {"model": "admin.logentry", "pk": 414, "fields": {"action_time": "2021-10-29T14:14:32.362Z", "user": 2, "content_type": 15, "object_id": "1", "object_repr": "Paardekooper", "action_flag": 2, "change_message": "[{\"changed\": {\"fields\": [\"Payed full version\"]}}]"}}, {"model": "admin.logentry", "pk": 415, "fields": {"action_time": "2021-10-29T14:18:48.929Z", "user": 2, "content_type": 8, "object_id": "450", "object_repr": "450", "action_flag": 2, "change_message": "[{\"changed\": {\"fields\": [\"Attack phase\"]}}]"}}, {"model": "admin.logentry", "pk": 416, "fields": {"action_time": "2021-10-29T14:18:54.239Z", "user": 2, "content_type": 8, "object_id": "451", "object_repr": "451", "action_flag": 2, "change_message": "[{\"changed\": {\"fields\": [\"Attack phase\"]}}]"}}, {"model": "admin.logentry", "pk": 417, "fields": {"action_time": "2021-10-29T14:19:02.114Z", "user": 2, "content_type": 14, "object_id": "50", "object_repr": "Paardekooper", "action_flag": 2, "change_message": "[{\"changed\": {\"fields\": [\"Health current\"]}}]"}}, {"model": "admin.logentry", "pk": 418, "fields": {"action_time": "2021-10-29T14:54:13.966Z", "user": 2, "content_type": 11, "object_id": "1", "object_repr": "IC", "action_flag": 2, "change_message": "[{\"changed\": {\"fields\": [\"Image die\"]}}]"}}, {"model": "admin.logentry", "pk": 419, "fields": {"action_time": "2021-10-29T14:55:24.239Z", "user": 2, "content_type": 11, "object_id": "1", "object_repr": "IC", "action_flag": 2, "change_message": "[{\"changed\": {\"fields\": [\"Image die\"]}}]"}}, {"model": "admin.logentry", "pk": 420, "fields": {"action_time": "2021-10-29T14:58:29.911Z", "user": 2, "content_type": 11, "object_id": "1", "object_repr": "IC", "action_flag": 2, "change_message": "[{\"changed\": {\"fields\": [\"Image die\"]}}]"}}, {"model": "admin.logentry", "pk": 421, "fields": {"action_time": "2021-10-29T14:58:38.759Z", "user": 2, "content_type": 11, "object_id": "2", "object_repr": "FR", "action_flag": 2, "change_message": "[{\"changed\": {\"fields\": [\"Image die\"]}}]"}}, {"model": "admin.logentry", "pk": 422, "fields": {"action_time": "2021-10-29T14:58:47.573Z", "user": 2, "content_type": 11, "object_id": "3", "object_repr": "LN", "action_flag": 2, "change_message": "[{\"changed\": {\"fields\": [\"Image die\"]}}]"}}, {"model": "admin.logentry", "pk": 423, "fields": {"action_time": "2021-10-29T14:59:11.239Z", "user": 2, "content_type": 8, "object_id": "455", "object_repr": "455", "action_flag": 2, "change_message": "[{\"changed\": {\"fields\": [\"Attack power\", \"Attack phase\"]}}]"}}, {"model": "admin.logentry", "pk": 424, "fields": {"action_time": "2021-10-29T15:22:39.535Z", "user": 2, "content_type": 15, "object_id": "1", "object_repr": "Paardekooper", "action_flag": 2, "change_message": "[{\"changed\": {\"fields\": [\"Payed full version\"]}}]"}}, {"model": "admin.logentry", "pk": 425, "fields": {"action_time": "2021-10-30T10:14:38.082Z", "user": 2, "content_type": 15, "object_id": "11", "object_repr": "paardekooper", "action_flag": 3, "change_message": ""}}, {"model": "admin.logentry", "pk": 426, "fields": {"action_time": "2021-10-30T10:15:27.481Z", "user": 2, "content_type": 14, "object_id": "58", "object_repr": "paardekooper", "action_flag": 3, "change_message": ""}}, {"model": "admin.logentry", "pk": 427, "fields": {"action_time": "2021-10-30T10:44:34.131Z", "user": 2, "content_type": 14, "object_id": "50", "object_repr": "Paardekooper", "action_flag": 2, "change_message": "[{\"changed\": {\"fields\": [\"Drain attack power\"]}}]"}}, {"model": "admin.logentry", "pk": 428, "fields": {"action_time": "2021-10-30T11:03:11.836Z", "user": 2, "content_type": 14, "object_id": "50", "object_repr": "Paardekooper", "action_flag": 2, "change_message": "[{\"changed\": {\"fields\": [\"Fire attack power\", \"Drain attack power\", \"Golem attack power\", \"Healing power\"]}}]"}}, {"model": "admin.logentry", "pk": 429, "fields": {"action_time": "2021-10-30T11:18:06.738Z", "user": 2, "content_type": 12, "object_id": "2", "object_repr": "Dragonbreath", "action_flag": 2, "change_message": "[{\"changed\": {\"fields\": [\"Title\"]}}]"}}, {"model": "admin.logentry", "pk": 430, "fields": {"action_time": "2021-10-30T11:41:17.427Z", "user": 2, "content_type": 7, "object_id": "10", "object_repr": "Green Troll", "action_flag": 1, "change_message": "[{\"added\": {}}]"}}, {"model": "admin.logentry", "pk": 431, "fields": {"action_time": "2021-10-30T11:41:27.383Z", "user": 2, "content_type": 7, "object_id": "10", "object_repr": "Green troll", "action_flag": 2, "change_message": "[{\"changed\": {\"fields\": [\"Name\"]}}]"}}, {"model": "admin.logentry", "pk": 432, "fields": {"action_time": "2021-10-30T11:41:54.319Z", "user": 2, "content_type": 8, "object_id": "542", "object_repr": "542", "action_flag": 2, "change_message": "[{\"changed\": {\"fields\": [\"Enemy\"]}}]"}}, {"model": "auth.user", "pk": 2, "fields": {"password": "pbkdf2_sha256$260000$ojbTfVapTkPxuBvyVIiXnH$khYZlkKPp+hym5NEcA40lPgOCzFzQuHDGHVtJVbGp1I=", "last_login": "2021-10-30T10:47:03.077Z", "is_superuser": true, "username": "Paardekooper", "first_name": "Joris", "last_name": "Paardekooper Overman", "email": "jorispaarde@hotmail.com", "is_staff": true, "is_active": true, "date_joined": "2021-10-22T10:50:26Z", "groups": [], "user_permissions": []}}, {"model": "auth.user", "pk": 3, "fields": {"password": "pbkdf2_sha256$260000$hmsZFWZOwxHjmrQ3bEzO3R$9i4cGnJ+oavXz3Ao4bQLQ7Xa+GaGzBjjmpgFFrzDXxc=", "last_login": "2021-10-28T12:22:20.505Z", "is_superuser": false, "username": "jorispaarde", "first_name": "", "last_name": "", "email": "jorispaarde@gmail.com", "is_staff": false, "is_active": true, "date_joined": "2021-10-27T09:52:07.504Z", "groups": [], "user_permissions": []}}, {"model": "auth.user", "pk": 4, "fields": {"password": "pbkdf2_sha256$260000$m57CzSAskBRxWan4RWZhD4$WcF2vjDYrY/ooRj+5NgqHxxVxrtNLt8MMh60oiQgOVY=", "last_login": "2021-10-27T10:40:37Z", "is_superuser": false, "username": "MyKeyMike", "first_name": "", "last_name": "", "email": "mamschuurmans@gmail.com", "is_staff": true, "is_active": true, "date_joined": "2021-10-27T10:40:37Z", "groups": [], "user_permissions": []}}, {"model": "auth.user", "pk": 6, "fields": {"password": "pbkdf2_sha256$260000$FcA7hg9951xBiIC4zardnW$zNm7/M49Egv3Wtzs8kH3T0mCNwAxDRfyEJP7rFwzI8I=", "last_login": "2021-10-29T15:41:43.312Z", "is_superuser": false, "username": "josswe", "first_name": "", "last_name": "", "email": "jsanchez026@gmail.com", "is_staff": false, "is_active": true, "date_joined": "2021-10-29T15:40:07.129Z", "groups": [], "user_permissions": []}}, {"model": "auth.user", "pk": 7, "fields": {"password": "pbkdf2_sha256$260000$vvKMznqTbYlFrDEZJpvqkD$cj3aoX0PlthKGN6Y4+b7nLEtGJTDCTS0JoGoDuHIg18=", "last_login": "2021-10-29T16:03:39.280Z", "is_superuser": false, "username": "teste234245", "first_name": "", "last_name": "", "email": "hovima4044@ecofreon.com", "is_staff": false, "is_active": true, "date_joined": "2021-10-29T16:03:39.024Z", "groups": [], "user_permissions": []}}, {"model": "auth.user", "pk": 8, "fields": {"password": "pbkdf2_sha256$260000$kyJG2rhW2kiPIWLx39rViO$TBH1bGLVKNL5PtIgucu7eRxdIAdYjZyjtcqaeQoolcQ=", "last_login": "2021-10-29T17:27:36.824Z", "is_superuser": false, "username": "Ralph123", "first_name": "", "last_name": "", "email": "sankern@gmail.com", "is_staff": false, "is_active": true, "date_joined": "2021-10-29T17:27:36.595Z", "groups": [], "user_permissions": []}}, {"model": "auth.user", "pk": 9, "fields": {"password": "pbkdf2_sha256$260000$TWA2slxqvFhYjZsYZUCJuV$vPiYnlq56lIs8q2WMc8PB33vCCJhczSNT0K7PCEW8iU=", "last_login": "2021-10-29T18:29:06.738Z", "is_superuser": false, "username": "milka", "first_name": "", "last_name": "", "email": "evo3gt@gmail.com", "is_staff": false, "is_active": true, "date_joined": "2021-10-29T18:28:57.324Z", "groups": [], "user_permissions": []}}, {"model": "auth.user", "pk": 10, "fields": {"password": "pbkdf2_sha256$260000$7Sb0DJ5NXKXOuslzUqB30U$kuCyD/wp3LSsmk37C0UgdswCixZCfCrbB3X9T42KVDo=", "last_login": "2021-10-29T21:07:19.294Z", "is_superuser": false, "username": "Tamey", "first_name": "", "last_name": "", "email": "amyoshea.lsad@gmail.com", "is_staff": false, "is_active": true, "date_joined": "2021-10-29T21:07:19.007Z", "groups": [], "user_permissions": []}}, {"model": "auth.user", "pk": 11, "fields": {"password": "pbkdf2_sha256$260000$KwS7KCChn9EDrflkmxmIWh$TnNxssRxEdaEisJptYD8SgoYyB6A3jAOyjgJu94V7JU=", "last_login": "2021-10-30T10:13:25.792Z", "is_superuser": false, "username": "paardekooper", "first_name": "", "last_name": "", "email": "contact@kanikkook.nl", "is_staff": false, "is_active": true, "date_joined": "2021-10-30T10:13:25.559Z", "groups": [], "user_permissions": []}}, {"model": "sessions.session", "pk": "0ts03xwvon63g1aoxkzuvbfj6zed9fkb", "fields": {"session_data": ".eJxVjDkOwjAQRe_iGlnexgslPWeIZuwxDiBHylIh7g6RUkD733v_JQbc1jZsC8_DWMRZJHH63Qjzg_sOyh37bZJ56us8ktwVedBFXqfCz8vh_h00XNq3tmiAM2mjagTI7LUL6FjZYBJAjEHVhKDBesUUOCoKVCLqaoGNdyTeH81_N0g:1mgWcl:yygZ7yvYmRrP7oL-4txcPc8dC1YeW302RvSAIO6rOcE", "expire_date": "2021-11-12T18:29:07.126Z"}}, {"model": "sessions.session", "pk": "2ef6qcdicldl960uqaz42g3faas3w5s7", "fields": {"session_data": ".eJxVjMsOwiAQRf-FtSE8hgIu3fsNhGFAqgaS0q6M_65NutDtPefcFwtxW2vYRl7CTOzMFDv9bhjTI7cd0D22W-ept3WZke8KP-jg1075eTncv4MaR_3WUjqHfrIJCJG8UUVpzFIKQQDRkPdZZZ0KxSSdBmuwqKl4Z8ApEGjZ-wPi4Deq:1mg4XQ:Xu70nmQ2gX01Sg_dGOQPsgDLFQmOxDM2YsZfKnUvW-w", "expire_date": "2021-11-11T12:29:44.986Z"}}, {"model": "sessions.session", "pk": "5ni7v5metcvizq0wz1wdv2p8ggsay8ai", "fields": {"session_data": ".eJxVjMsOwiAQRf-FtSE8hgIu3fsNhGFAqgaS0q6M_65NutDtPefcFwtxW2vYRl7CTOzMFDv9bhjTI7cd0D22W-ept3WZke8KP-jg1075eTncv4MaR_3WUjqHfrIJCJG8UUVpzFIKQQDRkPdZZZ0KxSSdBmuwqKl4Z8ApEGjZ-wPi4Deq:1mfSyf:AdUdFXb7GolI_Qzu6ePif4vLBa4a-y4DPGmMpFgofdQ", "expire_date": "2021-11-09T20:23:21.310Z"}}, {"model": "sessions.session", "pk": "8yiwpjhhhsglih63t6mbsadakatq3tff", "fields": {"session_data": "e30:1mds4u:wACHCppah0fzVFH0ez_8qNOfs7zbNn_UagKQ_oMeTtc", "expire_date": "2021-11-05T10:47:12.733Z"}}, {"model": "sessions.session", "pk": "96apelnppmm98l2bxhp3wtvp8rd35c92", "fields": {"session_data": "e30:1mdroE:Ws-2W5OqkSxJm5E8U6MwrZkcG11ogOkheWbNj3Y894A", "expire_date": "2021-11-05T10:29:58.612Z"}}, {"model": "sessions.session", "pk": "eqhgwg8afnefsbpq0mupryl83u3fvihc", "fields": {"session_data": ".eJxVjMsOwiAQRf-FtSE8hgIu3fsNhGFAqgaS0q6M_65NutDtPefcFwtxW2vYRl7CTOzMFDv9bhjTI7cd0D22W-ept3WZke8KP-jg1075eTncv4MaR_3WUjqHfrIJCJG8UUVpzFIKQQDRkPdZZZ0KxSSdBmuwqKl4Z8ApEGjZ-wPi4Deq:1mgTiC:qN46UdgjfUrhMWd3hVE6LLu9iTlSst2Dg0QOyVcu17I", "expire_date": "2021-11-12T15:22:32.274Z"}}, {"model": "sessions.session", "pk": "fnr4dkwsg6h1xd6u3ezhnzq3ioasumfb", "fields": {"session_data": "e30:1mds5B:bY1xIJt51iGAVx-ZEuPhIg-5Nxqv0I0m41kx9djZ03s", "expire_date": "2021-11-05T10:47:29.197Z"}}, {"model": "sessions.session", "pk": "ha3zmtl3i8irdemy2ww4ne165fnsii67", "fields": {"session_data": ".eJxVjMEOgjAQBf-lZ9OwrWXBo3e_odnuK4KaklA4Gf_dkHDQ68xk3ibKto5xq3mJE8zFsDn9siT6zGUXeEi5z1bnsi5TsntiD1vtbUZ-XY_2bzBKHfet8hDYgahtBMpt8sRQD-9c15B2hJ7RUxYHVQZExNPZN4MGyBDM5wvoCjh_:1mgULz:HnCOTxKe_jYkzz0csNSW4f8P4aqCsa8E9HSHfFcJy5E", "expire_date": "2021-11-12T16:03:39.285Z"}}, {"model": "sessions.session", "pk": "iy86lst48a3ikn2c7wle437qpmjurebp", "fields": {"session_data": ".eJxVjEsOwiAUAO_C2pDyLy7d9wzkPXhI1UBS2pXx7oakC93OTObNAhx7CUenLayJXdnMLr8MIT6pDpEeUO-Nx1b3bUU-En7azpeW6HU7279BgV7GltAiSkfeJysiGiWlcR5JgZFWYdQAcUo5C_RGoJtNtmT0RKQ0yCzY5wv68Dhk:1mgVfE:2T--BaCX7WLojYkYPCb_Pag0ZrRRl3i5iJYl7plsZHE", "expire_date": "2021-11-12T17:27:36.831Z"}}, {"model": "sessions.session", "pk": "jxvukpqjfcobehat5u776d2vut6raeqw", "fields": {"session_data": ".eJxVjMsOwiAQRf-FtSE8hgIu3fsNhGFAqgaS0q6M_65NutDtPefcFwtxW2vYRl7CTOzMFDv9bhjTI7cd0D22W-ept3WZke8KP-jg1075eTncv4MaR_3WUjqHfrIJCJG8UUVpzFIKQQDRkPdZZZ0KxSSdBmuwqKl4Z8ApEGjZ-wPi4Deq:1mglTN:6qR_86Mzauyw7gptFArTDUMJZGuw4FiJOSJt52UEank", "expire_date": "2021-11-13T10:20:25.027Z"}}, {"model": "sessions.session", "pk": "k9twyqnihsdthx6p6lxikrilmfhbpslo", "fields": {"session_data": ".eJxVjDkOwjAUBe_iGlmO91DScwbrLwYHkCPFSYW4O46UAto3M-8tEmxrSVvLS5pYnIUVp98NgZ657oAfUO-zpLmuy4RyV-RBm7zOnF-Xw_07KNBKr5XJzqoAJmsDTBTVqD0PiAGix1GDvjnXMeWBWVuNXSMfIRgisFaJzxflrDgQ:1mfgMH:KpQGuCglCrEpzprd-Y5ZtOBUC3jKHphx8gQsY1YJWZA", "expire_date": "2021-11-10T10:40:37.859Z"}}, {"model": "sessions.session", "pk": "pjkw5vvrifpnzhiqb2hrb6odkx95diuj", "fields": {"session_data": ".eJxVjMsOwiAQRf-FtSE8hgIu3fsNhGFAqgaS0q6M_65NutDtPefcFwtxW2vYRl7CTOzMFDv9bhjTI7cd0D22W-ept3WZke8KP-jg1075eTncv4MaR_3WUjqHfrIJCJG8UUVpzFIKQQDRkPdZZZ0KxSSdBmuwqKl4Z8ApEGjZ-wPi4Deq:1mgMUD:152l80KxVbMP-bE2Kt6rKI5mGjVvg3_DMAX40LH3lp8", "expire_date": "2021-11-12T07:39:37.526Z"}}, {"model": "sessions.session", "pk": "siea8itpdz1zikrag5tlfg6ljrifcxdr", "fields": {"session_data": ".eJxVjDEOAiEQRe9CbQiLwxAs7T0DmYFRVg0ky25lvLuSbKHtf-_9l4q0rSVuXZY4Z3VSqA6_G1N6SB0g36nemk6trsvMeih6p11fWpbneXf_Dgr18q2NNxbQ-pxswCl4F4wwQg4cjugSkp1QHCANhkZAWJxlNgCACa7q_QGruDa_:1mgU0l:NCtRpS_ZLHfzC2rXB11tk_mRErQPIcxZe698xTN1HZE", "expire_date": "2021-11-12T15:41:43.321Z"}}, {"model": "sessions.session", "pk": "tpi8noyq550zd78g4xgai874ujdu3vo6", "fields": {"session_data": "e30:1mdqwd:btQrrLpDm3gZ6s-8NfkmdrmD_7QRj08XemZGsjpCgAk", "expire_date": "2021-11-05T09:34:35.127Z"}}, {"model": "sessions.session", "pk": "w6jj2qsqogaruo3acgm3wbjsug8tbt6c", "fields": {"session_data": ".eJxVjMsOwiAQRf-FtSE8hgIu3fsNhGFAqgaS0q6M_65NutDtPefcFwtxW2vYRl7CTOzMFDv9bhjTI7cd0D22W-ept3WZke8KP-jg1075eTncv4MaR_3WUjqHfrIJCJG8UUVpzFIKQQDRkPdZZZ0KxSSdBmuwqKl4Z8ApEGjZ-wPi4Deq:1mglt9:EvgL4T7HDOfYwZyhCr3rBZLtN-Stv161z4nPcWbG1Kk", "expire_date": "2021-11-13T10:47:03.086Z"}}, {"model": "sessions.session", "pk": "yaa3nwa5t7p7k6pb4apdh6oglhahu228", "fields": {"session_data": ".eJxVjMsOwiAQRf-FtSHDo6W4dO83kBkGpGogKe3K-O_apAvd3nPOfYmA21rC1tMSZhZnoUCcfkfC-Eh1J3zHemsytrouM8ldkQft8to4PS-H-3dQsJdv7Se2o0caMhA4HHOGhMZQ1JPL5JJXxqPK2htrmRmj0mjcoJQFIEYU7w8XbTh6:1mgZ5r:ShNGsrKoyjPQPIm6UWq7uP1tyAyBNOhUwPqS_jk6v3I", "expire_date": "2021-11-12T21:07:19.300Z"}}, {"model": "battle.enemy", "pk": 1, "fields": {"in_freeversion": true, "name": "Golden knight", "image_idle": "Knight_03__IDLE_000_cropped.png", "image_attack": "", "image_die": "Knight_03__DIE_009_cropped.png"}}, {"model": "battle.enemy", "pk": 2, "fields": {"in_freeversion": false, "name": "Ork with sword", "image_idle": "ORK_02_IDLE_000_cropped.png", "image_attack": "", "image_die": "ORK_02_DIE_009_cropped.png"}}, {"model": "battle.enemy", "pk": 3, "fields": {"in_freeversion": true, "name": "Grey Troll", "image_idle": "Troll_02_1_IDLE_002_cropped.png", "image_attack": "", "image_die": "Troll_02_1_DIE_009_cropped.png"}}, {"model": "battle.enemy", "pk": 4, "fields": {"in_freeversion": false, "name": "Red demon", "image_idle": "Demon_01__IDLE_000_cropped.png", "image_attack": "", "image_die": "Demon_01__DIE_009_cropped.png"}}, {"model": "battle.enemy", "pk": 5, "fields": {"in_freeversion": false, "name": "Purple demon", "image_idle": "Demon_03__IDLE_000_cropped.png", "image_attack": "", "image_die": "Demon_03__DIE_009_cropped.png"}}, {"model": "battle.enemy", "pk": 6, "fields": {"in_freeversion": true, "name": "Knight with spear", "image_idle": "Knight_01__IDLE_002_cropped.png", "image_attack": "", "image_die": "Knight_01__DIE_009_cropped.png"}}, {"model": "battle.enemy", "pk": 7, "fields": {"in_freeversion": false, "name": "Orc with Axe", "image_idle": "ORK_03_IDLE_000_cropped.png", "image_attack": "", "image_die": "ORK_03_DIE_009_cropped.png"}}, {"model": "battle.enemy", "pk": 8, "fields": {"in_freeversion": false, "name": "Zombie giant", "image_idle": "Zombie_01__IDLE_000_cropped.png", "image_attack": "", "image_die": "Zombie_01__DIE_009_cropped.png"}}, {"model": "battle.enemy", "pk": 9, "fields": {"in_freeversion": true, "name": "Knight with axe", "image_idle": "Knight_02__IDLE_000_cropped.png", "image_attack": "", "image_die": "Knight_02__DIE_009_cropped.png"}}, {"model": "battle.enemy", "pk": 10, "fields": {"in_freeversion": true, "name": "Green troll", "image_idle": "Troll_01_1_IDLE_000_cropped.png", "image_attack": "", "image_die": "Troll_01_1_DIE_009_cropped.png"}}, {"model": "battle.gamefloorenemy", "pk": 513, "fields": {"enemy": 6, "health_max": 5, "health_current": 5, "attack_power": 5, "skill_style": "IC", "attack_phase": "1", "has_attacked": true}}, {"model": "battle.gamefloorenemy", "pk": 515, "fields": {"enemy": 1, "health_max": 4, "health_current": 4, "attack_power": 3, "skill_style": "IC", "attack_phase": "2", "has_attacked": false}}, {"model": "battle.gamefloorenemy", "pk": 517, "fields": {"enemy": 9, "health_max": 4, "health_current": 0, "attack_power": 4, "skill_style": "GL", "attack_phase": "3", "has_attacked": false}}, {"model": "battle.gamefloorenemy", "pk": 518, "fields": {"enemy": 3, "health_max": 4, "health_current": 4, "attack_power": 4, "skill_style": "FR", "attack_phase": "1", "has_attacked": true}}, {"model": "battle.gamefloorenemy", "pk": 543, "fields": {"enemy": 2, "health_max": 6, "health_current": 2, "attack_power": 5, "skill_style": "LN", "attack_phase": "3", "has_attacked": true}}, {"model": "battle.gamefloorenemy", "pk": 544, "fields": {"enemy": 4, "health_max": 5, "health_current": 3, "attack_power": 3, "skill_style": "FR", "attack_phase": "4", "has_attacked": false}}, {"model": "battle.currentgamefloor", "pk": 344, "fields": {"date_time_created": "2021-10-29T15:43:58.245Z", "current_phase": "1", "enemy": []}}, {"model": "battle.currentgamefloor", "pk": 345, "fields": {"date_time_created": "2021-10-29T16:03:46.006Z", "current_phase": "1", "enemy": [513]}}, {"model": "battle.currentgamefloor", "pk": 346, "fields": {"date_time_created": "2021-10-29T17:29:44.926Z", "current_phase": "5", "enemy": []}}, {"model": "battle.currentgamefloor", "pk": 347, "fields": {"date_time_created": "2021-10-29T18:29:35.352Z", "current_phase": "1", "enemy": []}}, {"model": "battle.currentgamefloor", "pk": 348, "fields": {"date_time_created": "2021-10-29T21:08:27.351Z", "current_phase": "1", "enemy": [515]}}, {"model": "battle.currentgamefloor", "pk": 350, "fields": {"date_time_created": "2021-10-30T10:13:59.214Z", "current_phase": "2", "enemy": [517, 518]}}, {"model": "battle.currentgamefloor", "pk": 367, "fields": {"date_time_created": "2021-10-30T11:42:41.310Z", "current_phase": "3", "enemy": [543, 544]}}, {"model": "battle.game", "pk": 95, "fields": {"date_time_created": "2021-10-29T08:11:32.703Z", "player": 50, "completed": true, "score": 3485, "game_step": "1", "current_game_floor": null, "current_game_floor_number": 15, "total_gamefloors_played": 17}}, {"model": "battle.game", "pk": 96, "fields": {"date_time_created": "2021-10-27T11:34:54.492Z", "player": 50, "completed": true, "score": 391, "game_step": "2", "current_game_floor": null, "current_game_floor_number": 15, "total_gamefloors_played": 21}}, {"model": "battle.game", "pk": 100, "fields": {"date_time_created": "2021-10-29T08:11:51.087Z", "player": 50, "completed": true, "score": 1964, "game_step": "2", "current_game_floor": null, "current_game_floor_number": 15, "total_gamefloors_played": 31}}, {"model": "battle.game", "pk": 101, "fields": {"date_time_created": "2021-10-29T08:12:06.667Z", "player": 50, "completed": true, "score": 2943, "game_step": "2", "current_game_floor": null, "current_game_floor_number": 15, "total_gamefloors_played": 24}}, {"model": "battle.game", "pk": 105, "fields": {"date_time_created": "2021-10-27T10:39:20.654Z", "player": 50, "completed": true, "score": 1312, "game_step": "3", "current_game_floor": null, "current_game_floor_number": 15, "total_gamefloors_played": 23}}, {"model": "battle.game", "pk": 144, "fields": {"date_time_created": "2021-10-29T14:14:40.058Z", "player": 50, "completed": true, "score": 0, "game_step": "1", "current_game_floor": null, "current_game_floor_number": 1, "total_gamefloors_played": 0}}, {"model": "battle.game", "pk": 145, "fields": {"date_time_created": "2021-10-29T14:16:53.696Z", "player": 50, "completed": true, "score": 8, "game_step": "2", "current_game_floor": null, "current_game_floor_number": 2, "total_gamefloors_played": 1}}, {"model": "battle.game", "pk": 146, "fields": {"date_time_created": "2021-10-29T14:17:49.741Z", "player": 50, "completed": true, "score": 9, "game_step": "2", "current_game_floor": null, "current_game_floor_number": 2, "total_gamefloors_played": 1}}, {"model": "battle.game", "pk": 147, "fields": {"date_time_created": "2021-10-29T14:23:04.481Z", "player": 50, "completed": true, "score": 17, "game_step": "2", "current_game_floor": null, "current_game_floor_number": 2, "total_gamefloors_played": 3}}, {"model": "battle.game", "pk": 148, "fields": {"date_time_created": "2021-10-30T10:20:30.488Z", "player": 50, "completed": true, "score": 660, "game_step": "1", "current_game_floor": null, "current_game_floor_number": 6, "total_gamefloors_played": 26}}, {"model": "battle.game", "pk": 149, "fields": {"date_time_created": "2021-10-29T15:42:22.095Z", "player": 53, "completed": true, "score": 0, "game_step": "2", "current_game_floor": null, "current_game_floor_number": 1, "total_gamefloors_played": 0}}, {"model": "battle.game", "pk": 150, "fields": {"date_time_created": "2021-10-29T15:43:58.276Z", "player": 53, "completed": false, "score": 25, "game_step": "1", "current_game_floor": 344, "current_game_floor_number": 1, "total_gamefloors_played": 2}}, {"model": "battle.game", "pk": 151, "fields": {"date_time_created": "2021-10-29T16:03:45.946Z", "player": 54, "completed": false, "score": 0, "game_step": "2", "current_game_floor": 345, "current_game_floor_number": 1, "total_gamefloors_played": 0}}, {"model": "battle.game", "pk": 152, "fields": {"date_time_created": "2021-10-29T17:29:47.598Z", "player": 55, "completed": false, "score": 8, "game_step": "3", "current_game_floor": 346, "current_game_floor_number": 1, "total_gamefloors_played": 0}}, {"model": "battle.game", "pk": 153, "fields": {"date_time_created": "2021-10-29T18:29:35.424Z", "player": 56, "completed": false, "score": 0, "game_step": "1", "current_game_floor": 347, "current_game_floor_number": 1, "total_gamefloors_played": 0}}, {"model": "battle.game", "pk": 154, "fields": {"date_time_created": "2021-10-29T21:08:26.663Z", "player": 57, "completed": false, "score": 0, "game_step": "2", "current_game_floor": 348, "current_game_floor_number": 1, "total_gamefloors_played": 0}}, {"model": "battle.game", "pk": 156, "fields": {"date_time_created": "2021-10-30T10:43:57.926Z", "player": 50, "completed": true, "score": 0, "game_step": "2", "current_game_floor": null, "current_game_floor_number": 1, "total_gamefloors_played": 0}}, {"model": "battle.game", "pk": 157, "fields": {"date_time_created": "2021-10-30T10:44:12.109Z", "player": 50, "completed": true, "score": 0, "game_step": "1", "current_game_floor": null, "current_game_floor_number": 1, "total_gamefloors_played": 0}}, {"model": "battle.game", "pk": 158, "fields": {"date_time_created": "2021-10-30T10:46:35.175Z", "player": 50, "completed": true, "score": 85, "game_step": "2", "current_game_floor": null, "current_game_floor_number": 4, "total_gamefloors_played": 5}}, {"model": "battle.game", "pk": 159, "fields": {"date_time_created": "2021-10-30T11:02:27.004Z", "player": 50, "completed": true, "score": 34, "game_step": "2", "current_game_floor": null, "current_game_floor_number": 3, "total_gamefloors_played": 4}}, {"model": "battle.game", "pk": 160, "fields": {"date_time_created": "2021-10-30T11:41:32.016Z", "player": 50, "completed": true, "score": 0, "game_step": "2", "current_game_floor": null, "current_game_floor_number": 1, "total_gamefloors_played": 1}}, {"model": "battle.game", "pk": 161, "fields": {"date_time_created": "2021-10-30T11:42:26.244Z", "player": 50, "completed": false, "score": 9, "game_step": "2", "current_game_floor": 367, "current_game_floor_number": 2, "total_gamefloors_played": 1}}, {"model": "profiles.playertype", "pk": 1, "fields": {"selected": "IC", "image_idle": "wizard-ice-idle.gif", "image_attack": "", "image_die": "ice_wizard_die.png"}}, {"model": "profiles.playertype", "pk": 2, "fields": {"selected": "FR", "image_idle": "wizard-fire-idle.gif", "image_attack": "", "image_die": "fire_wizard_die.png"}}, {"model": "profiles.playertype", "pk": 3, "fields": {"selected": "LN", "image_idle": "wizard-thunder-idle.gif", "image_attack": "", "image_die": "lightning_wizard_die.png"}}, {"model": "profiles.card", "pk": 1, "fields": {"in_freeversion": true, "title": "Frost Storm", "description": "A crippling ice storm engulfs all enemies. Piercing them with razor sharp icicles.", "image": "17.png", "effect_text": "Damage all enemies", "allowed_in_phase": "3", "attack_all": true, "skill_style": "IC", "attack_modifier": 1, "healing_modifier": 0, "health_modifier": 0, "mana_modifier": 0, "defence_modifier": 0, "mana_cost": 2, "cards_discard_cost": 0}}, {"model": "profiles.card", "pk": 2, "fields": {"in_freeversion": true, "title": "Dragonbreath", "description": "U spit out a fiery burst of dragons breath, scorching everything in its path.", "image": "18.png", "effect_text": "Damage one enemy", "allowed_in_phase": "2", "attack_all": false, "skill_style": "FR", "attack_modifier": 3, "healing_modifier": 0, "health_modifier": 0, "mana_modifier": 0, "defence_modifier": 0, "mana_cost": 3, "cards_discard_cost": 0}}, {"model": "profiles.card", "pk": 3, "fields": {"in_freeversion": true, "title": "Soul drain", "description": "U spit out a fiery burst of dragons breath, scorching everything in its path.", "image": "6.png", "effect_text": "Draw health", "allowed_in_phase": "ALL", "attack_all": false, "skill_style": "DR", "attack_modifier": 1, "healing_modifier": 1, "health_modifier": 0, "mana_modifier": 0, "defence_modifier": 0, "mana_cost": 2, "cards_discard_cost": 0}}, {"model": "profiles.card", "pk": 4, "fields": {"in_freeversion": true, "title": "Thunderstorm", "description": "An electric storm arises, Blasting your enemy with lightning.", "image": "15.png", "effect_text": "Damage one enemy", "allowed_in_phase": "1", "attack_all": false, "skill_style": "LN", "attack_modifier": 2, "healing_modifier": 0, "health_modifier": 0, "mana_modifier": 0, "defence_modifier": 0, "mana_cost": 2, "cards_discard_cost": 0}}, {"model": "profiles.card", "pk": 5, "fields": {"in_freeversion": true, "title": "Healing", "description": "A healing wind surrounds u. Mending your wounds.", "image": "28.png", "effect_text": "Heal yourself", "allowed_in_phase": "ALL", "attack_all": false, "skill_style": "HL", "attack_modifier": 0, "healing_modifier": 3, "health_modifier": 0, "mana_modifier": 0, "defence_modifier": 0, "mana_cost": 2, "cards_discard_cost": 0}}, {"model": "profiles.card", "pk": 6, "fields": {"in_freeversion": true, "title": "Metal golem", "description": "A metal golem arises, strikes a massive blow to your enemy and falls to the ground.", "image": "45.png", "effect_text": "Damage one enemy", "allowed_in_phase": "4", "attack_all": false, "skill_style": "GL", "attack_modifier": 4, "healing_modifier": 0, "health_modifier": 0, "mana_modifier": 0, "defence_modifier": 0, "mana_cost": 2, "cards_discard_cost": 0}}, {"model": "profiles.card", "pk": 7, "fields": {"in_freeversion": false, "title": "Fire ring", "description": "This magical ring shields you from fire attacks.", "image": "fire-ring.png", "effect_text": "Deflect fire", "allowed_in_phase": "NONE", "attack_all": false, "skill_style": "FR", "attack_modifier": 0, "healing_modifier": 0, "health_modifier": 0, "mana_modifier": 0, "defence_modifier": 3, "mana_cost": 0, "cards_discard_cost": 0}}, {"model": "profiles.card", "pk": 8, "fields": {"in_freeversion": true, "title": "Health potion", "description": "U feel your total health increasing with every drop u drink..", "image": "health_small.png", "effect_text": "Increase Health", "allowed_in_phase": "NONE", "attack_all": false, "skill_style": "HL", "attack_modifier": 0, "healing_modifier": 0, "health_modifier": 4, "mana_modifier": 0, "defence_modifier": 0, "mana_cost": 0, "cards_discard_cost": 0}}, {"model": "profiles.card", "pk": 9, "fields": {"in_freeversion": true, "title": "Mana potion", "description": "Your total magical powers increase with every drop you drink.", "image": "mana_small.png", "effect_text": "Increase Mana", "allowed_in_phase": "NONE", "attack_all": false, "skill_style": "MN", "attack_modifier": 0, "healing_modifier": 0, "health_modifier": 0, "mana_modifier": 2, "defence_modifier": 0, "mana_cost": 0, "cards_discard_cost": 0}}, {"model": "profiles.card", "pk": 10, "fields": {"in_freeversion": false, "title": "Lightning ring", "description": "You feel an electric current flowing trough your bones.", "image": "lightning-ring.png", "effect_text": "Deflect lightning", "allowed_in_phase": "NONE", "attack_all": false, "skill_style": "LN", "attack_modifier": 0, "healing_modifier": 0, "health_modifier": 0, "mana_modifier": 0, "defence_modifier": 3, "mana_cost": 0, "cards_discard_cost": 0}}, {"model": "profiles.card", "pk": 11, "fields": {"in_freeversion": false, "title": "Drain ring", "description": "Your vampiric defence increases as u put on this ring.", "image": "drain-ring.png", "effect_text": "Deflect drain", "allowed_in_phase": "NONE", "attack_all": false, "skill_style": "DR", "attack_modifier": 0, "healing_modifier": 0, "health_modifier": 0, "mana_modifier": 0, "defence_modifier": 3, "mana_cost": 0, "cards_discard_cost": 0}}, {"model": "profiles.card", "pk": 12, "fields": {"in_freeversion": false, "title": "Golem ring", "description": "Your skin turns to stone as you put this ring on your finger.", "image": "golem-ring.png", "effect_text": "Deflect golem", "allowed_in_phase": "NONE", "attack_all": false, "skill_style": "GL", "attack_modifier": 0, "healing_modifier": 0, "health_modifier": 0, "mana_modifier": 0, "defence_modifier": 3, "mana_cost": 0, "cards_discard_cost": 0}}, {"model": "profiles.card", "pk": 13, "fields": {"in_freeversion": false, "title": "Ice ring", "description": "You start to shiver as u put this ring on, but soon cold doesn't affect u as much.", "image": "ice-ring.png", "effect_text": "Deflect Ice", "allowed_in_phase": "NONE", "attack_all": false, "skill_style": "IC", "attack_modifier": 0, "healing_modifier": 0, "health_modifier": 0, "mana_modifier": 0, "defence_modifier": 3, "mana_cost": 0, "cards_discard_cost": 0}}, {"model": "profiles.card", "pk": 14, "fields": {"in_freeversion": false, "title": "Drain necklace", "description": "Your drain power is boosted by the magical powers imbued in this necklace.", "image": "drain-necklace.png", "effect_text": "Increase skill", "allowed_in_phase": "NONE", "attack_all": false, "skill_style": "DR", "attack_modifier": 2, "healing_modifier": 2, "health_modifier": 0, "mana_modifier": 0, "defence_modifier": 0, "mana_cost": 1, "cards_discard_cost": 0}}, {"model": "profiles.card", "pk": 15, "fields": {"in_freeversion": false, "title": "Fire necklace", "description": "You feel a fire burning inside you, as you put the necklace on your neck.", "image": "fire-necklace.png", "effect_text": "Increase skill", "allowed_in_phase": "NONE", "attack_all": false, "skill_style": "FR", "attack_modifier": 5, "healing_modifier": 0, "health_modifier": 0, "mana_modifier": 0, "defence_modifier": 0, "mana_cost": 3, "cards_discard_cost": 0}}, {"model": "profiles.card", "pk": 16, "fields": {"in_freeversion": false, "title": "Golem necklace", "description": "Your golem magic is boosted significantly, as you put the necklace on.", "image": "golem-necklace.png", "effect_text": "Increase skill", "allowed_in_phase": "NONE", "attack_all": false, "skill_style": "GL", "attack_modifier": 6, "healing_modifier": 0, "health_modifier": 0, "mana_modifier": 0, "defence_modifier": 0, "mana_cost": 2, "cards_discard_cost": 0}}, {"model": "profiles.card", "pk": 17, "fields": {"in_freeversion": false, "title": "Ice necklace", "description": "Icicles start growing from your shoulders as you wear this necklace.", "image": "ice-necklace.png", "effect_text": "Increase skill", "allowed_in_phase": "NONE", "attack_all": true, "skill_style": "IC", "attack_modifier": 2, "healing_modifier": 0, "health_modifier": 0, "mana_modifier": 0, "defence_modifier": 0, "mana_cost": 2, "cards_discard_cost": 0}}, {"model": "profiles.card", "pk": 18, "fields": {"in_freeversion": false, "title": "Lightning necklace", "description": "Sparks fly from your fingers, as your lightning power increases, a lot.", "image": "lightning-necklace.png", "effect_text": "Increase skill", "allowed_in_phase": "NONE", "attack_all": false, "skill_style": "LN", "attack_modifier": 4, "healing_modifier": 0, "health_modifier": 0, "mana_modifier": 0, "defence_modifier": 0, "mana_cost": 2, "cards_discard_cost": 0}}, {"model": "profiles.handcard", "pk": 1440, "fields": {"date_time_created": "2021-10-29T15:42:24.221Z", "card": 8}}, {"model": "profiles.handcard", "pk": 1443, "fields": {"date_time_created": "2021-10-29T15:42:24.264Z", "card": 5}}, {"model": "profiles.handcard", "pk": 1447, "fields": {"date_time_created": "2021-10-29T15:42:24.328Z", "card": 8}}, {"model": "profiles.handcard", "pk": 1448, "fields": {"date_time_created": "2021-10-29T15:42:45.850Z", "card": 2}}, {"model": "profiles.handcard", "pk": 1449, "fields": {"date_time_created": "2021-10-29T15:42:45.872Z", "card": 6}}, {"model": "profiles.handcard", "pk": 1450, "fields": {"date_time_created": "2021-10-29T15:43:08.289Z", "card": 2}}, {"model": "profiles.handcard", "pk": 1451, "fields": {"date_time_created": "2021-10-29T15:43:08.302Z", "card": 4}}, {"model": "profiles.handcard", "pk": 1453, "fields": {"date_time_created": "2021-10-29T16:03:42.549Z", "card": 5}}, {"model": "profiles.handcard", "pk": 1454, "fields": {"date_time_created": "2021-10-29T16:03:42.561Z", "card": 5}}, {"model": "profiles.handcard", "pk": 1455, "fields": {"date_time_created": "2021-10-29T16:03:42.577Z", "card": 9}}, {"model": "profiles.handcard", "pk": 1456, "fields": {"date_time_created": "2021-10-29T16:03:42.594Z", "card": 6}}, {"model": "profiles.handcard", "pk": 1457, "fields": {"date_time_created": "2021-10-29T16:03:42.607Z", "card": 3}}, {"model": "profiles.handcard", "pk": 1458, "fields": {"date_time_created": "2021-10-29T16:03:42.621Z", "card": 3}}, {"model": "profiles.handcard", "pk": 1459, "fields": {"date_time_created": "2021-10-29T16:03:42.633Z", "card": 2}}, {"model": "profiles.handcard", "pk": 1460, "fields": {"date_time_created": "2021-10-29T17:28:04.884Z", "card": 8}}, {"model": "profiles.handcard", "pk": 1461, "fields": {"date_time_created": "2021-10-29T17:28:04.910Z", "card": 8}}, {"model": "profiles.handcard", "pk": 1462, "fields": {"date_time_created": "2021-10-29T17:28:04.924Z", "card": 8}}, {"model": "profiles.handcard", "pk": 1463, "fields": {"date_time_created": "2021-10-29T17:28:04.937Z", "card": 5}}, {"model": "profiles.handcard", "pk": 1464, "fields": {"date_time_created": "2021-10-29T17:28:04.951Z", "card": 2}}, {"model": "profiles.handcard", "pk": 1465, "fields": {"date_time_created": "2021-10-29T17:28:04.964Z", "card": 2}}, {"model": "profiles.handcard", "pk": 1466, "fields": {"date_time_created": "2021-10-29T17:28:04.977Z", "card": 9}}, {"model": "profiles.handcard", "pk": 1468, "fields": {"date_time_created": "2021-10-29T18:29:35.139Z", "card": 4}}, {"model": "profiles.handcard", "pk": 1469, "fields": {"date_time_created": "2021-10-29T18:29:35.276Z", "card": 9}}, {"model": "profiles.handcard", "pk": 1470, "fields": {"date_time_created": "2021-10-29T18:29:35.288Z", "card": 5}}, {"model": "profiles.handcard", "pk": 1471, "fields": {"date_time_created": "2021-10-29T18:29:35.300Z", "card": 3}}, {"model": "profiles.handcard", "pk": 1472, "fields": {"date_time_created": "2021-10-29T18:29:35.311Z", "card": 4}}, {"model": "profiles.handcard", "pk": 1473, "fields": {"date_time_created": "2021-10-29T18:29:35.322Z", "card": 6}}, {"model": "profiles.handcard", "pk": 1474, "fields": {"date_time_created": "2021-10-29T18:29:35.334Z", "card": 4}}, {"model": "profiles.handcard", "pk": 1475, "fields": {"date_time_created": "2021-10-29T18:29:35.345Z", "card": 9}}, {"model": "profiles.handcard", "pk": 1476, "fields": {"date_time_created": "2021-10-29T21:08:11.685Z", "card": 9}}, {"model": "profiles.handcard", "pk": 1477, "fields": {"date_time_created": "2021-10-29T21:08:11.731Z", "card": 2}}, {"model": "profiles.handcard", "pk": 1478, "fields": {"date_time_created": "2021-10-29T21:08:11.748Z", "card": 5}}, {"model": "profiles.handcard", "pk": 1479, "fields": {"date_time_created": "2021-10-29T21:08:11.770Z", "card": 4}}, {"model": "profiles.handcard", "pk": 1480, "fields": {"date_time_created": "2021-10-29T21:08:11.788Z", "card": 5}}, {"model": "profiles.handcard", "pk": 1482, "fields": {"date_time_created": "2021-10-29T21:08:11.820Z", "card": 5}}, {"model": "profiles.handcard", "pk": 1483, "fields": {"date_time_created": "2021-10-29T21:08:11.837Z", "card": 9}}, {"model": "profiles.handcard", "pk": 1484, "fields": {"date_time_created": "2021-10-30T10:13:33.653Z", "card": 5}}, {"model": "profiles.handcard", "pk": 1486, "fields": {"date_time_created": "2021-10-30T10:13:33.731Z", "card": 1}}, {"model": "profiles.handcard", "pk": 1487, "fields": {"date_time_created": "2021-10-30T10:13:33.770Z", "card": 5}}, {"model": "profiles.handcard", "pk": 1488, "fields": {"date_time_created": "2021-10-30T10:13:33.808Z", "card": 1}}, {"model": "profiles.handcard", "pk": 1489, "fields": {"date_time_created": "2021-10-30T10:13:33.855Z", "card": 3}}, {"model": "profiles.handcard", "pk": 1492, "fields": {"date_time_created": "2021-10-30T10:13:46.394Z", "card": 1}}, {"model": "profiles.handcard", "pk": 1493, "fields": {"date_time_created": "2021-10-30T10:13:46.411Z", "card": 5}}, {"model": "profiles.handcard", "pk": 1550, "fields": {"date_time_created": "2021-10-30T11:41:34.149Z", "card": 7}}, {"model": "profiles.handcard", "pk": 1551, "fields": {"date_time_created": "2021-10-30T11:41:34.314Z", "card": 8}}, {"model": "profiles.handcard", "pk": 1552, "fields": {"date_time_created": "2021-10-30T11:41:34.482Z", "card": 16}}, {"model": "profiles.handcard", "pk": 1554, "fields": {"date_time_created": "2021-10-30T11:41:34.833Z", "card": 11}}, {"model": "profiles.handcard", "pk": 1556, "fields": {"date_time_created": "2021-10-30T11:41:35.178Z", "card": 2}}, {"model": "profiles.handcard", "pk": 1557, "fields": {"date_time_created": "2021-10-30T11:42:20.064Z", "card": 2}}, {"model": "profiles.handcard", "pk": 1558, "fields": {"date_time_created": "2021-10-30T11:42:20.221Z", "card": 3}}, {"model": "profiles.player", "pk": 50, "fields": {"date_time_created": "2021-10-30T11:42:43.035Z", "user": 2, "type": 3, "fire_attack_power": 0, "fire_defense": 0, "fire_attack_cost": 3, "fire_attack_phase": "2", "ice_attack_power": 2, "ice_defense": 0, "ice_attack_cost": 2, "ice_attack_phase": "3", "drain_attack_power": 2, "drain_defense": 0, "drain_attack_cost": 1, "drain_attack_phase": "ALL", "lightning_attack_power": 4, "lightning_defense": 3, "lightning_attack_cost": 2, "lightning_attack_phase": "1", "golem_attack_power": 0, "physical_defense": 0, "golem_attack_cost": 2, "golem_attack_phase": "4", "healing_power": 0, "healing_cost": 2, "mana_current": 1, "mana_max": 4, "health_current": 4, "health_max": 6, "hand": [1550, 1551, 1552, 1554, 1556, 1557, 1558]}}, {"model": "profiles.player", "pk": 51, "fields": {"date_time_created": "2021-10-27T10:48:44.022Z", "user": 4, "type": 2, "fire_attack_power": 6, "fire_defense": 3, "fire_attack_cost": 3, "fire_attack_phase": "2", "ice_attack_power": 4, "ice_defense": 0, "ice_attack_cost": 2, "ice_attack_phase": "3", "drain_attack_power": 0, "drain_defense": 0, "drain_attack_cost": 1, "drain_attack_phase": "ALL", "lightning_attack_power": 0, "lightning_defense": 0, "lightning_attack_cost": 2, "lightning_attack_phase": "1", "golem_attack_power": 4, "physical_defense": 0, "golem_attack_cost": 2, "golem_attack_phase": "4", "healing_power": 0, "healing_cost": 2, "mana_current": 8, "mana_max": 8, "health_current": 10, "health_max": 10, "hand": []}}, {"model": "profiles.player", "pk": 52, "fields": {"date_time_created": "2021-10-28T12:29:28.642Z", "user": 3, "type": null, "fire_attack_power": 0, "fire_defense": 0, "fire_attack_cost": 3, "fire_attack_phase": "2", "ice_attack_power": 0, "ice_defense": 0, "ice_attack_cost": 2, "ice_attack_phase": "3", "drain_attack_power": 0, "drain_defense": 0, "drain_attack_cost": 1, "drain_attack_phase": "ALL", "lightning_attack_power": 0, "lightning_defense": 0, "lightning_attack_cost": 2, "lightning_attack_phase": "1", "golem_attack_power": 0, "physical_defense": 0, "golem_attack_cost": 2, "golem_attack_phase": "4", "healing_power": 0, "healing_cost": 2, "mana_current": 0, "mana_max": 0, "health_current": 0, "health_max": 0, "hand": []}}, {"model": "profiles.player", "pk": 53, "fields": {"date_time_created": "2021-10-29T15:43:58.273Z", "user": 6, "type": 3, "fire_attack_power": 0, "fire_defense": 0, "fire_attack_cost": 3, "fire_attack_phase": "2", "ice_attack_power": 0, "ice_defense": 0, "ice_attack_cost": 2, "ice_attack_phase": "3", "drain_attack_power": 1, "drain_defense": 0, "drain_attack_cost": 1, "drain_attack_phase": "ALL", "lightning_attack_power": 4, "lightning_defense": 3, "lightning_attack_cost": 2, "lightning_attack_phase": "1", "golem_attack_power": 4, "physical_defense": 0, "golem_attack_cost": 2, "golem_attack_phase": "4", "healing_power": 0, "healing_cost": 2, "mana_current": 4, "mana_max": 4, "health_current": 10, "health_max": 10, "hand": [1440, 1443, 1447, 1448, 1449, 1450, 1451]}}, {"model": "profiles.player", "pk": 54, "fields": {"date_time_created": "2021-10-29T16:03:46.244Z", "user": 7, "type": 2, "fire_attack_power": 6, "fire_defense": 3, "fire_attack_cost": 3, "fire_attack_phase": "2", "ice_attack_power": 1, "ice_defense": 0, "ice_attack_cost": 2, "ice_attack_phase": "3", "drain_attack_power": 0, "drain_defense": 0, "drain_attack_cost": 1, "drain_attack_phase": "ALL", "lightning_attack_power": 0, "lightning_defense": 0, "lightning_attack_cost": 2, "lightning_attack_phase": "1", "golem_attack_power": 0, "physical_defense": 0, "golem_attack_cost": 2, "golem_attack_phase": "4", "healing_power": 0, "healing_cost": 2, "mana_current": 4, "mana_max": 4, "health_current": 1, "health_max": 6, "hand": [1453, 1454, 1455, 1456, 1457, 1458, 1459]}}, {"model": "profiles.player", "pk": 55, "fields": {"date_time_created": "2021-10-29T17:29:44.922Z", "user": 8, "type": 1, "fire_attack_power": 0, "fire_defense": 0, "fire_attack_cost": 3, "fire_attack_phase": "2", "ice_attack_power": 2, "ice_defense": 3, "ice_attack_cost": 2, "ice_attack_phase": "3", "drain_attack_power": 0, "drain_defense": 0, "drain_attack_cost": 1, "drain_attack_phase": "ALL", "lightning_attack_power": 0, "lightning_defense": 0, "lightning_attack_cost": 2, "lightning_attack_phase": "1", "golem_attack_power": 4, "physical_defense": 0, "golem_attack_cost": 2, "golem_attack_phase": "4", "healing_power": 0, "healing_cost": 2, "mana_current": 0, "mana_max": 4, "health_current": 2, "health_max": 6, "hand": [1460, 1461, 1462, 1463, 1464, 1465, 1466]}}, {"model": "profiles.player", "pk": 56, "fields": {"date_time_created": "2021-10-29T18:29:35.454Z", "user": 9, "type": 2, "fire_attack_power": 6, "fire_defense": 3, "fire_attack_cost": 3, "fire_attack_phase": "2", "ice_attack_power": 0, "ice_defense": 0, "ice_attack_cost": 2, "ice_attack_phase": "3", "drain_attack_power": 0, "drain_defense": 0, "drain_attack_cost": 1, "drain_attack_phase": "ALL", "lightning_attack_power": 0, "lightning_defense": 0, "lightning_attack_cost": 2, "lightning_attack_phase": "1", "golem_attack_power": 0, "physical_defense": 0, "golem_attack_cost": 2, "golem_attack_phase": "4", "healing_power": 0, "healing_cost": 2, "mana_current": 4, "mana_max": 4, "health_current": 6, "health_max": 6, "hand": [1468, 1469, 1470, 1471, 1472, 1473, 1474, 1475]}}, {"model": "profiles.player", "pk": 57, "fields": {"date_time_created": "2021-10-29T21:08:26.655Z", "user": 10, "type": 1, "fire_attack_power": 3, "fire_defense": 0, "fire_attack_cost": 3, "fire_attack_phase": "2", "ice_attack_power": 2, "ice_defense": 3, "ice_attack_cost": 2, "ice_attack_phase": "3", "drain_attack_power": 0, "drain_defense": 0, "drain_attack_cost": 1, "drain_attack_phase": "ALL", "lightning_attack_power": 0, "lightning_defense": 0, "lightning_attack_cost": 2, "lightning_attack_phase": "1", "golem_attack_power": 0, "physical_defense": 0, "golem_attack_cost": 2, "golem_attack_phase": "4", "healing_power": 0, "healing_cost": 2, "mana_current": 4, "mana_max": 4, "health_current": 6, "health_max": 6, "hand": [1476, 1477, 1478, 1479, 1480, 1482, 1483]}}, {"model": "profiles.profile", "pk": 1, "fields": {"user": 2, "bio": "I created this mess", "location": "Haarlem", "birth_date": "1979-06-01", "payed_full_version": true}}, {"model": "profiles.profile", "pk": 3, "fields": {"user": 3, "bio": "", "location": "", "birth_date": null, "payed_full_version": true}}, {"model": "profiles.profile", "pk": 4, "fields": {"user": 4, "bio": "", "location": "", "birth_date": null, "payed_full_version": false}}, {"model": "profiles.profile", "pk": 6, "fields": {"user": 6, "bio": "", "location": "", "birth_date": null, "payed_full_version": false}}, {"model": "profiles.profile", "pk": 7, "fields": {"user": 7, "bio": "", "location": "", "birth_date": null, "payed_full_version": false}}, {"model": "profiles.profile", "pk": 8, "fields": {"user": 8, "bio": "", "location": "", "birth_date": null, "payed_full_version": false}}, {"model": "profiles.profile", "pk": 9, "fields": {"user": 9, "bio": "", "location": "", "birth_date": null, "payed_full_version": false}}, {"model": "profiles.profile", "pk": 10, "fields": {"user": 10, "bio": "", "location": "", "birth_date": null, "payed_full_version": false}}, {"model": "sites.site", "pk": 3, "fields": {"domain": "https://hubris-the-game.herokuapp.com/", "name": "hubris-the-game.herokuapp.com"}}, {"model": "sites.site", "pk": 4, "fields": {"domain": "https://8000-black-flea-91abj8my.ws-eu18.gitpod.io/", "name": "localhost"}}]